owned,master_rank,skill_level,,,character,unit,id,seq,characterId,cardRarityType,attr,supportUnit,skillId,cardSkillName,prefix,assetbundleName,releaseAt,type,,0
FALSE,,,,,星乃一歌,ln,1,10,1,1,cool,none,1,足元の小さな花,クールだけど友達想い,res001_no001,2019-01-01 15:00,perm,,
FALSE,,,,,星乃一歌,ln,2,20,1,2,happy,none,2,精一杯の韻を踏んで,Leo/need,res001_no002,2019-01-01 15:00,perm,,
FALSE,,,,,星乃一歌,ln,3,30,1,3,mysterious,none,6,踏み出した一歩,見上げる先に,res001_no003,2019-01-01 15:00,perm,,
FALSE,,,,,星乃一歌,ln,4,40,1,4,cute,none,10,不安を拭い去って,夜明け前の語らい,res001_no004,2019-01-01 15:00,perm,,
FALSE,,,,,天馬咲希,ln,5,50,2,1,cute,none,1,青春しよう！,いつも明るいムードメーカー,res002_no001,2019-01-01 15:00,perm,,
FALSE,,,,,天馬咲希,ln,6,60,2,2,pure,none,8,食べすぎはぷよぷよのもと,Leo/need,res002_no002,2019-01-01 15:00,perm,,
FALSE,,,,,天馬咲希,ln,7,70,2,3,cool,none,6,今も未来も,やりたい100のこと,res002_no003,2019-01-01 15:00,perm,,
FALSE,,,,,望月穂波,ln,9,90,3,1,mysterious,none,1,アップルパイください,みんなに優しい優等生,res003_no001,2019-01-01 15:00,perm,,
FALSE,,,,,望月穂波,ln,10,100,3,2,cool,none,5,変わっていかなくちゃ,Leo/need,res003_no002,2019-01-01 15:00,perm,,
FALSE,,,,,望月穂波,ln,11,110,3,3,happy,none,9,近いのに遠いわたし達,味は変わらないのに,res003_no003,2019-01-01 15:00,perm,,
FALSE,,,,,日野森志歩,ln,13,130,4,1,happy,none,1,マメなお世話が大事,馴れ合いを嫌う一匹狼,res004_no001,2019-01-01 15:00,perm,,
FALSE,,,,,日野森志歩,ln,14,140,4,2,mysterious,none,5,本当、これだから…,Leo/need,res004_no002,2019-01-01 15:00,perm,,
FALSE,,,,,日野森志歩,ln,15,150,4,3,cute,none,3,懐かしい思い出,胸に残る旋律,res004_no003,2019-01-01 15:00,perm,,
FALSE,,,,,花里みのり,mmj,17,170,5,1,pure,none,1,イエトレ？,めざせアイドル！,res005_no001,2019-01-01 15:00,perm,,
FALSE,,,,,花里みのり,mmj,18,180,5,2,cool,none,5,キャッチフレーズノート！,MORE MORE JUMP！,res005_no002,2019-01-01 15:00,perm,,
FALSE,,,,,花里みのり,mmj,19,190,5,3,cute,none,9,届け、この想い！,ライブ前夜の決意,res005_no003,2019-01-01 15:00,perm,,
FALSE,,,,,桐谷遥,mmj,21,210,6,1,happy,none,1,アイドルじゃない私を,国民的アイドルだった少女,res006_no001,2019-01-01 15:00,perm,,
FALSE,,,,,桐谷遥,mmj,22,220,6,2,pure,none,2,全部、２個ずつください,MORE MORE JUMP！,res006_no002,2019-01-01 15:00,perm,,
FALSE,,,,,桐谷遥,mmj,23,230,6,3,cool,none,6,親友がくれたやすらぎ,アイドルじゃない私,res006_no003,2019-01-01 15:00,perm,,
FALSE,,,,,桃井愛莉,mmj,25,250,7,1,mysterious,none,1,わたしに任せなさい！,不屈のアイドル魂,res007_no001,2019-01-01 15:00,perm,,
FALSE,,,,,桃井愛莉,mmj,26,260,7,2,cute,none,8,アンタは顔を隠しなさい！,MORE MORE JUMP！,res007_no002,2019-01-01 15:00,perm,,
FALSE,,,,,桃井愛莉,mmj,27,270,7,3,pure,none,6,これがアイドルの極意よ！,夢を応援！,res007_no003,2019-01-01 15:00,perm,,
FALSE,,,,,日野森雫,mmj,29,290,8,1,cute,none,1,ここはどこ？,美貌の現役アイドル,res008_no001,2019-01-01 15:00,perm,,
FALSE,,,,,日野森雫,mmj,30,300,8,2,mysterious,none,8,いつか胸をはれるように,MORE MORE JUMP！,res008_no002,2019-01-01 15:00,perm,,
FALSE,,,,,日野森雫,mmj,31,310,8,3,happy,none,3,私がなりたいアイドルは…,華やかな現場で,res008_no003,2019-01-01 15:00,perm,,
FALSE,,,,,小豆沢こはね,vbs,33,330,9,1,pure,none,1,フェニランマニアの実力,内気な小動物,res009_no001,2019-01-01 15:00,perm,,
FALSE,,,,,小豆沢こはね,vbs,34,340,9,2,mysterious,none,2,シャッターチャンスは逃さない,Vivid BAD SQUAD,res009_no002,2019-01-01 15:00,perm,,
FALSE,,,,,小豆沢こはね,vbs,35,350,9,3,cool,none,3,ふー。ふー。,セカイで一息,res009_no003,2019-01-01 15:00,perm,,
FALSE,,,,,白石杏,vbs,37,370,10,1,cute,none,1,幽霊なんていないから！,カリスマシンガー,res010_no001,2019-01-01 15:00,perm,,
FALSE,,,,,白石杏,vbs,38,380,10,2,cool,none,5,私のオススメ！,Vivid BAD SQUAD,res010_no002,2019-01-01 15:00,perm,,
FALSE,,,,,白石杏,vbs,39,390,10,3,pure,none,9,いらっしゃい！,絶賛、手伝い中！,res010_no003,2019-01-01 15:00,perm,,
FALSE,,,,,東雲彰人,vbs,41,410,11,1,happy,none,1,ちょっとびっくりしただけだ,一目置かれる実力者,res011_no001,2019-01-01 15:00,perm,,
FALSE,,,,,東雲彰人,vbs,42,420,11,2,cute,none,8,とことん付き合ってもらうぞ,Vivid BAD SQUAD,res011_no002,2019-01-01 15:00,perm,,
FALSE,,,,,東雲彰人,vbs,43,430,11,3,happy,none,6,半端なヤツはぶっ潰す,滲む苛立ち,res011_no003,2019-01-01 15:00,perm,,
FALSE,,,,,青柳冬弥,vbs,45,450,12,1,cool,none,1,里親募集中,クラシックの秀才,res012_no001,2019-01-01 15:00,perm,,
FALSE,,,,,青柳冬弥,vbs,46,460,12,2,happy,none,2,お前がうらやましい,Vivid BAD SQUAD,res012_no002,2019-01-01 15:00,perm,,
FALSE,,,,,青柳冬弥,vbs,47,470,12,3,cute,none,6,先輩からのフォロー,絶たれた絆,res012_no003,2019-01-01 15:00,perm,,
FALSE,,,,,天馬司,wxs,49,490,13,1,happy,none,1,感謝のしるしだ,いつかはスター！,res013_no001,2019-01-01 15:00,perm,,
FALSE,,,,,天馬司,wxs,50,500,13,2,cute,none,5,シュッシュキレイ、ゴーゴー！,ワンダーランズ×ショウタイム,res013_no002,2019-01-01 15:00,perm,,
FALSE,,,,,天馬司,wxs,51,510,13,3,mysterious,none,3,VSドラゴン！？,着ぐるみからこんにちは,res013_no003,2019-01-01 15:00,perm,,
FALSE,,,,,鳳えむ,wxs,53,530,14,1,pure,none,1,ゆびきりげんまん！,ハイパー★ポジティブ,res014_no001,2019-01-01 15:00,perm,,
FALSE,,,,,鳳えむ,wxs,54,540,14,2,mysterious,none,2,フワフワがばばーんっ,ワンダーランズ×ショウタイム,res014_no002,2019-01-01 15:00,perm,,
FALSE,,,,,鳳えむ,wxs,55,550,14,3,cute,none,9,大歓迎バスター！！,レッツ作戦会議！,res014_no003,2019-01-01 15:00,perm,,
FALSE,,,,,草薙寧々,wxs,57,570,15,1,cool,none,1,集中できない…,毒舌コミュ障,res015_no001,2019-01-01 15:00,perm,,
FALSE,,,,,草薙寧々,wxs,58,580,15,2,cool,none,8,ネネロボがいてくれたから,ワンダーランズ×ショウタイム,res015_no002,2019-01-01 15:00,perm,,
FALSE,,,,,草薙寧々,wxs,59,590,15,3,pure,none,6,愉快でおかしな仲間達！,舞台裏から操作中,res015_no003,2019-01-01 15:00,perm,,
FALSE,,,,,神代類,wxs,61,610,16,1,mysterious,none,1,お望みのものだよ,マイペースな天才演出家,res016_no001,2019-01-01 15:00,perm,,
FALSE,,,,,神代類,wxs,62,620,16,2,pure,none,8,できてからのお楽しみさ,ワンダーランズ×ショウタイム,res016_no002,2019-01-01 15:00,perm,,
FALSE,,,,,神代類,wxs,63,630,16,3,happy,none,6,いいショーにしようじゃないか,神出鬼没なパフォーマー,res016_no003,2019-01-01 15:00,perm,,
FALSE,,,,,宵崎奏,niigo,65,650,17,1,mysterious,none,1,食べずに生きられればいいのに,音楽に愛された少女,res017_no001,2019-01-01 15:00,perm,,
FALSE,,,,,宵崎奏,niigo,66,660,17,2,cute,none,5,運命共同体,25時、ナイトコードで。,res017_no002,2019-01-01 15:00,perm,,
FALSE,,,,,宵崎奏,niigo,67,670,17,3,happy,none,9,ご飯よりも曲づくり,画面の向こうに…,res017_no003,2019-01-01 15:00,perm,,
FALSE,,,,,朝比奈まふゆ,niigo,69,690,18,1,cool,none,1,私らしい、か……,『いい子』に見られる優等生,res018_no001,2019-01-01 15:00,perm,,
FALSE,,,,,朝比奈まふゆ,niigo,70,700,18,2,happy,none,8,現実かは気にしちゃダメ,25時、ナイトコードで。,res018_no002,2019-01-01 15:00,perm,,
FALSE,,,,,朝比奈まふゆ,niigo,71,710,18,3,cute,none,3,『私』はどこ…？,『いい子』の私,res018_no003,2019-01-01 15:00,perm,,
FALSE,,,,,東雲絵名,niigo,73,730,19,1,pure,none,1,いいから付き合いなさいよ,SNS依存な絵描き,res019_no001,2019-01-01 15:00,perm,,
FALSE,,,,,東雲絵名,niigo,74,740,19,2,mysterious,none,8,悪くはないかな,25時、ナイトコードで。,res019_no002,2019-01-01 15:00,perm,,
FALSE,,,,,東雲絵名,niigo,75,750,19,3,cool,none,3,盛れてる盛れてる！,最高のアングル,res019_no003,2019-01-01 15:00,perm,,
FALSE,,,,,暁山瑞希,niigo,77,770,20,1,cute,none,1,猫舌だから♪,『カワイイ』にこだわる自由人,res020_no001,2019-01-01 15:00,perm,,
FALSE,,,,,暁山瑞希,niigo,78,780,20,2,cool,none,2,見てよこの出来ばえ！,25時、ナイトコードで。,res020_no002,2019-01-01 15:00,perm,,
FALSE,,,,,暁山瑞希,niigo,79,790,20,3,mysterious,none,6,今日のボクもカワイイな♪,譲れないこだわり,res020_no003,2019-01-01 15:00,perm,,
FALSE,,,,,初音ミク,vs,81,810,21,1,cute,none,1,一緒に楽しもうね！,誰もが知る歌姫,res021_no001,2019-01-01 15:00,perm,,
FALSE,,,,,初音ミク,vs,82,820,21,2,cute,light_sound,2,なんだか頼られてる気分,教室のセカイ,res021_no002,2019-01-01 15:00,perm,,
FALSE,,,,,初音ミク,vs,83,830,21,2,cool,idol,2,ポテンシャルは無限大！,ステージのセカイ,res021_no003,2019-01-01 15:00,perm,,
FALSE,,,,,初音ミク,vs,84,840,21,2,pure,street,8,私達にも大切だから,ストリートのセカイ,res021_no004,2019-01-01 15:00,perm,,
FALSE,,,,,初音ミク,vs,85,850,21,2,happy,theme_park,5,無邪気なアドリブ,ワンダーランドのセカイ,res021_no005,2019-01-01 15:00,perm,,
FALSE,,,,,初音ミク,vs,86,860,21,2,mysterious,school_refusal,2,嬉しいはくすぐったい,誰もいないセカイ,res021_no006,2019-01-01 15:00,perm,,
FALSE,,,,,初音ミク,vs,87,870,21,3,pure,school_refusal,9,会いに行かなくちゃ,見守るまなざし,res021_no007,2019-01-01 15:00,perm,,
FALSE,,,,,初音ミク,vs,88,880,21,4,cute,idol,4,さあ、ステージへ！,みんなにお披露目,res021_no008,2019-01-01 15:00,perm,,
FALSE,,,,,鏡音リン,vs,89,890,22,1,mysterious,none,1,キレキレパフォーマンス！,はじける元気！,res022_no001,2019-01-01 15:00,perm,,
FALSE,,,,,鏡音リン,vs,90,900,22,2,happy,idol,5,コソ練仲間！,ステージのセカイ,res022_no002,2019-01-01 15:00,perm,,
FALSE,,,,,鏡音リン,vs,91,910,22,3,mysterious,idol,9,かわいくポーズ♪,輝くステージ,res022_no003,2019-01-01 15:00,perm,,
FALSE,,,,,鏡音リン,vs,92,920,22,4,pure,street,7,秘密だもんっ,いがみ合いヒートアップ,res022_no004,2019-01-01 15:00,perm,,
FALSE,,,,,鏡音レン,vs,93,930,23,1,happy,none,1,マイクリレー！,はじけるパワフル！,res023_no001,2019-01-01 15:00,perm,,
FALSE,,,,,鏡音レン,vs,94,940,23,2,mysterious,street,8,DJだよ、DJ！,ストリートのセカイ,res023_no002,2019-01-01 15:00,perm,,
FALSE,,,,,鏡音レン,vs,95,950,23,3,happy,street,3,早く話せばよかったよ,難しい『仲直り』,res023_no003,2019-01-01 15:00,perm,,
FALSE,,,,,鏡音レン,vs,96,960,23,4,cool,theme_park,10,今日から僕も劇団員！,新団員登場！,res023_no004,2019-01-01 15:00,perm,,
FALSE,,,,,巡音ルカ,vs,97,970,24,1,pure,none,1,この歌が届くように,クールビューティー,res024_no001,2019-01-01 15:00,perm,,
FALSE,,,,,巡音ルカ,vs,98,980,24,2,happy,light_sound,8,後輩のためにも,教室のセカイ,res024_no002,2019-01-01 15:00,perm,,
FALSE,,,,,巡音ルカ,vs,99,990,24,3,pure,light_sound,3,届かない距離じゃないから,導く手,res024_no003,2019-01-01 15:00,perm,,
FALSE,,,,,MEIKO,vs,101,1010,25,1,cool,none,1,手拍子も大歓迎！,赤く駆ける旋律,res025_no001,2019-01-01 15:00,perm,,
FALSE,,,,,MEIKO,vs,102,1020,25,2,pure,street,5,マスター冥利につきるわ,ストリートのセカイ,res025_no002,2019-01-01 15:00,perm,,
FALSE,,,,,MEIKO,vs,103,1030,25,3,mysterious,street,9,はい。召し上がれ,こだわりの一杯,res025_no003,2019-01-01 15:00,perm,,
FALSE,,,,,KAITO,vs,105,1050,26,1,cute,none,1,歌の存在感,涼やかな青い旋律,res026_no001,2019-01-01 15:00,perm,,
FALSE,,,,,KAITO,vs,106,1060,26,2,cute,theme_park,2,最高のショーを目指して,ワンダーランドのセカイ,res026_no002,2019-01-01 15:00,perm,,
FALSE,,,,,KAITO,vs,107,1070,26,3,cool,theme_park,9,座長は大変！,劇団員募集中！,res026_no003,2019-01-01 15:00,perm,,
FALSE,,,,,天馬咲希,ln,109,1090,2,4,mysterious,none,4,流星リフレイン,レイニー・ディスタンス,res002_no005,2020-10-09 15:00,perm,,
FALSE,,,,,巡音ルカ,vs,110,1100,24,4,mysterious,light_sound,7,君に降る涙,黄昏の雨をぬぐって,res024_no005,2020-10-09 15:00,perm,,
FALSE,,,,,日野森志歩,ln,111,1110,4,4,mysterious,none,11,一等星のシグナル,気づきたかった熱さ,res004_no005,2020-10-09 15:00,perm,,
FALSE,,,,,望月穂波,ln,112,1120,3,3,pure,none,9,窓辺のエトワール,ゆっくり休んで,res003_no005,2020-10-09 15:00,perm,,
FALSE,,,,,星乃一歌,ln,113,1130,1,2,pure,none,5,ジャンピングスター,星のステップ,res001_no005,2020-10-09 15:00,perm,,
FALSE,,,,,朝比奈まふゆ,niigo,114,1140,18,4,cool,none,7,初めての気持ち,不自由マスカレード,res018_no005,2020-10-20 15:00,perm,,
FALSE,,,,,宵崎奏,niigo,115,1150,17,4,cool,none,4,あがいて、いつか……,生きているように,res017_no005,2020-10-20 15:00,perm,,
FALSE,,,,,初音ミク,vs,116,1160,21,4,cool,school_refusal,11,もっと見つけて,絶たれた糸,res021_no009,2020-10-20 15:00,perm,,
FALSE,,,,,暁山瑞希,niigo,117,1170,20,3,cute,none,9,縛られたとしても……,戯れのひととき,res020_no005,2020-10-20 15:00,perm,,
FALSE,,,,,東雲絵名,niigo,118,1180,19,2,pure,none,5,ちゃんと向き合う方法,マリオネットドレス,res019_no005,2020-10-20 15:00,perm,,
FALSE,,,,,神代類,wxs,119,1190,16,4,happy,none,4,思う存分に,思わぬ指摘,res016_no005,2020-10-31 15:00,perm,,
FALSE,,,,,天馬司,wxs,120,1200,13,4,happy,none,10,座長の役目だ！,ハラハラ！？ゾンビパニック！,res013_no005,2020-10-31 15:00,perm,,
FALSE,,,,,KAITO,vs,121,1210,26,4,happy,theme_park,11,導きの手,迷い子達との語らい,res026_no006,2020-10-31 15:00,perm,,
FALSE,,,,,鳳えむ,wxs,122,1220,14,3,mysterious,none,6,ハロウィンわんだほい！,パンダさんに乗って,res014_no006,2020-10-31 15:00,perm,,
FALSE,,,,,草薙寧々,wxs,123,1230,15,2,mysterious,none,5,大事な友達,ワンダーステッキ,res015_no005,2020-10-31 15:00,perm,,
FALSE,,,,,鳳えむ,wxs,124,1240,14,4,pure,none,10,はじける応援,激走！アンカー☆,res014_no007,2020-11-09 15:00,perm,,
FALSE,,,,,桐谷遥,mmj,125,1250,6,4,pure,none,4,エンジョイ・チア！,いっぱいの祝福,res006_no005,2020-11-09 15:00,perm,,
FALSE,,,,,初音ミク,vs,126,1260,21,4,pure,theme_park,11,フレフレフレ♪,レッツ・チア！,res021_no010,2020-11-09 15:00,perm,,
FALSE,,,,,朝比奈まふゆ,niigo,127,1270,18,3,happy,none,6,心に残ったもの,楽しい楽しい二人三脚？,res018_no006,2020-11-09 15:00,perm,,
FALSE,,,,,天馬咲希,ln,128,1280,2,2,cool,none,2,アタシにできることを！,アイアム体育祭実行委員！,res002_no006,2020-11-09 15:00,perm,,
FALSE,,,,,桃井愛莉,mmj,129,1290,7,4,cute,none,10,わたし達らしくあるために！,いつでも前を向いて,res007_no005,2020-11-19 15:00,perm,,
FALSE,,,,,花里みのり,mmj,130,1300,5,4,cute,none,7,新しい試み,あわわわわっ！？,res005_no005,2020-11-19 15:00,perm,,
FALSE,,,,,鏡音リン,vs,131,1310,22,4,cute,idol,11,キラキラレインボー♪,キミの笑顔のために,res022_no005,2020-11-19 15:00,perm,,
FALSE,,,,,日野森雫,mmj,132,1320,8,3,cool,none,9,必ず４人で,私がなりたいものは,res008_no005,2020-11-19 15:00,perm,,
FALSE,,,,,桐谷遥,mmj,133,1330,6,2,happy,none,2,いつかわかってもらえたら……,シャボンディ・ブルー,res006_no006,2020-11-19 15:00,perm,,
FALSE,,,,,白石杏,vbs,134,1340,10,4,cool,none,4,信じる力,相棒なのに,res010_no005,2020-11-30 15:00,perm,,
FALSE,,,,,小豆沢こはね,vbs,135,1350,9,4,cool,none,7,背中を預けて！,もう一度ふたりで,res009_no005,2020-11-30 15:00,perm,,
FALSE,,,,,東雲彰人,vbs,136,1360,11,4,cool,none,11,隣で歌うために,相棒だから,res011_no005,2020-11-30 15:00,perm,,
FALSE,,,,,青柳冬弥,vbs,137,1370,12,3,happy,none,9,ワクワクを感じて,和やかカフェタイム,res012_no005,2020-11-30 15:00,perm,,
FALSE,,,,,MEIKO,vs,138,1380,25,2,happy,street,2,みんなで開店準備！,温かい眼差し,res025_no005,2020-11-30 15:00,perm,,
FALSE,,,,,暁山瑞希,niigo,139,1390,20,4,mysterious,none,4,次は一緒に……,屋上のフレンドシップ,res020_no006,2020-12-10 15:00,perm,,
FALSE,,,,,KAITO,vs,140,1400,26,4,mysterious,theme_park,7,あの感動をもう一度,ヒミツの演技指導,res026_no007,2020-12-10 15:00,perm,,
FALSE,,,,,天馬司,wxs,141,1410,13,4,mysterious,none,11,笑撃の結末,オレが主役だ！,res013_no006,2020-12-10 15:00,perm,,
FALSE,,,,,草薙寧々,wxs,142,1420,15,3,mysterious,none,9,い……いらっしゃいませ,アニマルコットンキャンディ♪,res015_no006,2020-12-10 15:00,perm,,
FALSE,,,,,青柳冬弥,vbs,143,1430,12,2,cool,none,5,クマさんが一番得意,意外な才能？,res012_no006,2020-12-10 15:00,perm,,
FALSE,,,,,草薙寧々,wxs,144,1440,15,4,cute,none,4,楽しいバカ騒ぎ,空からの贈り物,res015_no007,2020-12-20 15:00,perm,,
FALSE,,,,,初音ミク,vs,145,1450,21,4,cute,theme_park,7,雪・ソリ・トナカイ・サンタさん！,ワンダー☆クリスマス！,res021_no011,2020-12-20 15:00,perm,,
FALSE,,,,,MEIKO,vs,146,1460,25,4,cute,theme_park,11,ワンダフルアイディア！,教えて！みんなのクリスマス♪,res025_no006,2020-12-20 15:00,perm,,
FALSE,,,,,神代類,wxs,147,1470,16,3,pure,none,3,僕達の強み,ぐっすりナイト,res016_no006,2020-12-20 15:00,perm,,
FALSE,,,,,鳳えむ,wxs,148,1480,14,2,cute,none,8,みんなと初めてのクリスマス,キラットナカチューシャ☆,res014_no008,2020-12-20 15:00,perm,,
FALSE,,,,,初音ミク,vs,149,1490,21,4,pure,street,4,ライバルでいてほしい,強者の笑み,res021_no012,2020-12-31 15:00,perm,,
FALSE,,,,,鏡音レン,vs,150,1500,23,4,pure,street,7,気になるみんなのお正月,最高最強のコンビ！？,res023_no005,2020-12-31 15:00,perm,,
FALSE,,,,,巡音ルカ,vs,151,1510,24,4,pure,light_sound,11,４度目の正直,雅な微笑み,res024_no006,2020-12-31 15:00,perm,,
FALSE,,,,,東雲絵名,niigo,152,1520,19,4,pure,none,11,たくさんの戦利品,東雲家の年末,res019_no006,2020-12-31 15:00,perm,,
FALSE,,,,,天馬咲希,ln,153,1530,2,3,cute,none,9,冬休みの勉強会,何よりも大事なお願い,res002_no007,2020-12-31 15:00,perm,,
FALSE,,,,,天馬司,wxs,154,1540,13,2,pure,none,2,掛け声だろうと全力投球！！,全員参加のお正月,res013_no007,2020-12-31 15:00,perm,,
FALSE,,,,,望月穂波,ln,155,1550,3,4,happy,none,4,揺れやすくても、壊れやすくても,ありがとう、勇気,res003_no006,2020-01-10 15:00,perm,,
FALSE,,,,,MEIKO,vs,156,1560,25,4,happy,light_sound,7,キラキラなメロディー,３人目の先輩！,res025_no007,2020-01-10 15:00,perm,,
FALSE,,,,,星乃一歌,ln,157,1570,1,4,happy,none,11,演奏うまくなろう作戦！？,戻ってきた笑顔,res001_no006,2020-01-10 15:00,perm,,
FALSE,,,,,天馬咲希,ln,158,1580,2,3,mysterious,none,3,力になりたくて,陰からの応援,res002_no008,2020-01-10 15:00,perm,,
FALSE,,,,,日野森志歩,ln,159,1590,4,2,cute,none,8,少しでも優しく……,いろんな優しさ,res004_no006,2020-01-10 15:00,perm,,
FALSE,,,,,日野森雫,mmj,160,1600,8,4,cool,none,4,ありのままの私で,誰でもない“この私”を,res008_no006,2021-01-21 15:00,perm,,
FALSE,,,,,巡音ルカ,vs,161,1610,24,4,cool,idol,10,キラキラウィンク,新メンバー登場♪,res024_no007,2021-01-21 15:00,perm,,
FALSE,,,,,桃井愛莉,mmj,162,1620,7,4,cool,none,11,負けず嫌いの意地？,甘いひととき,res007_no006,2021-01-21 15:00,perm,,
FALSE,,,,,桐谷遥,mmj,163,1630,6,3,cute,none,6,悩める仲間のために,アイドルの責任,res006_no007,2021-01-21 15:00,perm,,
FALSE,,,,,花里みのり,mmj,164,1640,5,2,pure,none,8,その背中を追いかけて,ポジティブ・フラワー,res005_no006,2021-01-21 15:00,perm,,
FALSE,,,,,青柳冬弥,vbs,165,1650,12,4,mysterious,none,4,言う必要のない言葉,いつの日か、また……,res012_no007,2021-01-31 15:00,perm,,
FALSE,,,,,東雲彰人,vbs,166,1660,11,4,mysterious,none,7,最高の賛辞を,いつか来るその日を待って,res011_no006,2021-01-31 15:00,perm,,
FALSE,,,,,白石杏,vbs,167,1670,10,4,mysterious,none,11,プレシャスファム！,寄り添う想い,res010_no006,2021-01-31 15:00,perm,,
FALSE,,,,,小豆沢こはね,vbs,168,1680,9,3,pure,none,3,晴れやかな空の下で,憂いの夜,res009_no006,2021-01-31 15:00,perm,,
FALSE,,,,,鏡音レン,vs,169,1690,23,2,cute,street,8,欠けることのない想い,センチメンタルメロディ,res023_no006,2021-01-31 15:00,perm,,
FALSE,,,,,日野森志歩,ln,170,1700,4,4,cute,none,7,決められない心,絆と憂い,res004_no007,2021-02-09 15:00,perm,,
FALSE,,,,,鏡音リン,vs,171,1710,22,4,cute,theme_park,10,笑顔のススメ,友情キューピッド,res022_no006,2021-02-09 15:00,perm,,
FALSE,,,,,望月穂波,ln,172,1720,3,4,cute,none,11,果たせた約束,悪夢へようこそ,res003_no007,2021-02-09 15:00,perm,,
FALSE,,,,,天馬司,wxs,173,1730,13,3,cool,none,3,宇宙すらも笑顔でいっぱい！,紹介しよう！！,res013_no008,2021-02-09 15:00,perm,,
FALSE,,,,,神代類,wxs,174,1740,16,2,cool,none,5,普通じゃないほうが逆に普通,マッドネス・ケモケモ,res016_no007,2021-02-09 15:00,perm,,
FALSE,,,,,東雲絵名,niigo,175,1750,19,4,happy,none,4,もがいて、あがいて,諦めたくないから,res019_no007,2021-02-18 15:00,perm,,
FALSE,,,,,朝比奈まふゆ,niigo,176,1760,18,4,happy,none,10,“ない”と“わからない”は違う,投げかけた言葉,res018_no007,2021-02-18 15:00,perm,,
FALSE,,,,,宵崎奏,niigo,177,1770,17,4,happy,none,11,いらなくなんてない,想いをメロディーに……,res017_no006,2021-02-18 15:00,perm,,
FALSE,,,,,鏡音リン,vs,178,1780,22,3,mysterious,school_refusal,9,たとえ呪いのようだとしても,出会いの意味を探して,res022_no007,2021-02-18 15:00,perm,,
FALSE,,,,,暁山瑞希,niigo,179,1790,20,2,mysterious,none,5,頼ってくれてもいいんだよ,トラスト ユー,res020_no007,2021-02-18 15:00,perm,,
FALSE,,,,,鳳えむ,wxs,180,1800,14,4,mysterious,none,4,みんなとなら大丈夫,かけがえのない笑顔,res014_no009,2021-02-28 15:00,lim,,
FALSE,,,,,草薙寧々,wxs,181,1810,15,4,mysterious,none,10,笑っててほしい,想いのメッセンジャー,res015_no008,2021-02-28 15:00,lim,,
FALSE,,,,,神代類,wxs,182,1820,16,4,mysterious,none,11,笑顔のために,内なる烈火,res016_no008,2021-02-28 15:00,perm,,
FALSE,,,,,鏡音レン,vs,183,1830,23,3,happy,theme_park,6,ポムポムポ♪,いっちばん得意な方法で！,res023_no007,2021-02-28 15:00,perm,,
FALSE,,,,,天馬司,wxs,184,1840,13,2,happy,none,8,怒れる自称宇宙一の兄,バルーンプレゼンター,res013_no009,2021-02-28 15:00,perm,,
FALSE,,,,,天馬咲希,ln,185,1850,2,4,pure,none,10,来年まで秘密,最高のひな祭り！,res002_no009,2021-03-10 15:00,perm,,
FALSE,,,,,天馬司,wxs,186,1860,13,4,pure,none,4,ワクワク気分でぐっすり！,お兄ちゃんの苦悩,res013_no010,2021-03-10 15:00,perm,,
FALSE,,,,,青柳冬弥,vbs,187,1870,12,4,pure,none,11,出会いの思い出,きょうだいの絆,res012_no008,2021-03-10 15:00,perm,,
FALSE,,,,,巡音ルカ,vs,188,1880,24,3,cute,theme_park,3,めーちゃん、お膝貸して？,ハッピーなひな祭り♪,res024_no008,2021-03-10 15:00,perm,,
FALSE,,,,,望月穂波,ln,189,1890,3,2,mysterious,none,5,勇気がくれた笑顔,いけないことだけど……,res003_no008,2021-03-10 15:00,perm,,
FALSE,,,,,花里みのり,mmj,190,1900,5,4,happy,none,4,４人分の“もっともっと”,“あなた”のために,res005_no007,2021-03-22 15:00,perm,,
FALSE,,,,,桐谷遥,mmj,191,1910,6,4,happy,none,7,たくさんの初めてを一緒に,頑張るあなたに,res006_no008,2021-03-22 15:00,perm,,
FALSE,,,,,日野森雫,mmj,192,1920,8,4,happy,none,11,助けになりますように,にゃ～ん？,res008_no007,2021-03-22 15:00,perm,,
FALSE,,,,,巡音ルカ,vs,193,1930,24,3,mysterious,idol,3,肩の力を抜きましょう？,アイドルとしての心得,res024_no009,2021-03-22 15:00,perm,,
FALSE,,,,,桃井愛莉,mmj,194,1940,7,2,happy,none,8,同じ思いはさせない,後輩のためにできること,res007_no007,2021-03-22 15:00,perm,,
FALSE,,,,,宵崎奏,niigo,195,1950,17,4,mysterious,none,12,闇を照らす光,いつか見た夢を,res017_no007,2021-03-30 15:00,fes,,
FALSE,,,,,朝比奈まふゆ,niigo,196,1960,18,4,pure,none,13,知に触れて,潜る、私の中へ,res018_no008,2021-03-30 15:00,fes,,
FALSE,,,,,星乃一歌,ln,197,1970,1,4,pure,none,4,みんなとお花見！,晴れを願って,res001_no007,2021-04-01 15:00,perm,,
FALSE,,,,,初音ミク,vs,198,1980,21,4,pure,light_sound,10,ひそかな心配,育ちゆく音色,res021_no013,2021-04-01 15:00,perm,,
FALSE,,,,,小豆沢こはね,vbs,199,1990,9,4,pure,none,11,最強の新人？,みんなの背中を追いかけて,res009_no007,2021-04-01 15:00,perm,,
FALSE,,,,,花里みのり,mmj,200,2000,5,3,cool,none,6,ささやかな宴,広がる友情の輪,res005_no008,2021-04-01 15:00,perm,,
FALSE,,,,,宵崎奏,niigo,201,2010,17,2,cool,none,8,心に残った歌声,この春を、あなたと……,res017_no008,2021-04-01 15:00,perm,,
FALSE,,,,,暁山瑞希,niigo,202,2020,20,4,cute,none,7,また屋上で,気づいてしまった想い,res020_no008,2021-04-11 15:00,perm,,
FALSE,,,,,MEIKO,vs,203,2030,25,4,cute,school_refusal,10,経過観察中,必要な距離,res025_no008,2021-04-11 15:00,perm,,
FALSE,,,,,東雲絵名,niigo,204,2040,19,4,cute,none,11,ぬぐえないモヤモヤ,ミステリーツアーの洗礼？,res019_no008,2021-04-11 15:00,perm,,
FALSE,,,,,宵崎奏,niigo,205,2050,17,3,pure,none,6,部屋に響く異音,儚さと美しさ,res017_no009,2021-04-11 15:00,perm,,
FALSE,,,,,朝比奈まふゆ,niigo,206,2060,18,2,pure,none,2,少女からのお礼,廃校での出会い,res018_no009,2021-04-11 15:00,perm,,
FALSE,,,,,日野森志歩,ln,207,2070,4,4,cool,none,4,これからも一緒に,見つけられた答え,res004_no008,2021-04-21 15:00,perm,,
FALSE,,,,,望月穂波,ln,208,2080,3,4,cool,none,7,いつか支えられるように,見えない気持ち,res003_no009,2021-04-21 15:00,perm,,
FALSE,,,,,天馬咲希,ln,209,2090,2,4,cool,none,11,遊ぶだけが青春じゃない,窓辺の語らい,res002_no010,2021-04-21 15:00,perm,,
FALSE,,,,,星乃一歌,ln,210,2100,1,3,happy,none,3,一番音楽を楽しいと思える瞬間,想いよ、届け,res001_no008,2021-04-21 15:00,perm,,
FALSE,,,,,MEIKO,vs,211,2110,25,2,pure,light_sound,8,先輩のひとりとして,答えを探して,res025_no009,2021-04-21 15:00,perm,,
FALSE,,,,,東雲彰人,vbs,212,2120,11,4,happy,none,4,仲間の存在,敗北の夜,res011_no007,2021-04-30 15:00,lim,,
FALSE,,,,,白石杏,vbs,213,2130,10,4,happy,none,10,伝説の夜への想い,仲間だから,res010_no007,2021-04-30 15:00,lim,,
FALSE,,,,,KAITO,vs,214,2140,26,4,happy,street,11,こだわりと情熱,陽気なDJ現る？,res026_no008,2021-04-30 15:00,perm,,
FALSE,,,,,小豆沢こはね,vbs,215,2150,9,3,mysterious,none,6,学業も忘れずに,一緒に成長したくて,res009_no008,2021-04-30 15:00,perm,,
FALSE,,,,,青柳冬弥,vbs,216,2160,12,2,cute,none,5,BAD DOGSの由来,相棒として,res012_no009,2021-04-30 15:00,perm,,
FALSE,,,,,東雲絵名,niigo,217,2170,19,4,pure,none,10,まだ何も知らない,差しのべられた手,res019_no009,2021-05-10 15:00,perm,,
FALSE,,,,,桃井愛莉,mmj,218,2180,7,4,pure,none,7,親友への恩返し,変わらぬ不屈の心,res007_no008,2021-05-10 15:00,perm,,
FALSE,,,,,暁山瑞希,niigo,219,2190,20,4,pure,none,11,屋上という居場所,想いと現実の狭間で,res020_no009,2021-05-10 15:00,perm,,
FALSE,,,,,神代類,wxs,220,2200,16,3,cute,none,6,孤独を知る君へ,止まらぬ構想と暴走,res016_no009,2021-05-10 15:00,perm,,
FALSE,,,,,巡音ルカ,vs,221,2210,24,2,mysterious,idol,2,いつでもきらめく導き,フェアリーランタン♪,res024_no010,2021-05-10 15:00,perm,,
FALSE,,,,,桐谷遥,mmj,222,2220,6,4,mysterious,none,10,ウェルカム・ペンギン・カフェ,“大好き”を前に,res006_no009,2021-05-21 15:00,perm,,
FALSE,,,,,日野森雫,mmj,223,2230,8,4,mysterious,none,7,シャル・ウィー・ブレイク？,リラックス・タイムのお誘い,res008_no008,2021-05-21 15:00,perm,,
FALSE,,,,,花里みのり,mmj,224,2240,5,4,mysterious,none,11,レッツ・アニマル・セラピー,熱烈コール！,res005_no009,2021-05-21 15:00,perm,,
FALSE,,,,,MEIKO,vs,225,2250,25,3,pure,idol,3,ケチャップアートでおもてなし♪,赤が似合うニューフェイス！,res025_no010,2021-05-21 15:00,perm,,
FALSE,,,,,桃井愛莉,mmj,226,2260,7,2,cool,none,8,たまには力を抜いて,パーフェクト・スイーツ,res007_no009,2021-05-21 15:00,perm,,
FALSE,,,,,青柳冬弥,vbs,227,2270,12,4,cute,none,4,広がっていく世界,あなたに捧げる愛の歌,res012_no010,2021-05-31 15:00,lim,,
FALSE,,,,,神代類,wxs,228,2280,16,4,cute,none,7,最高のキャスト達,ファンタスティックプランナー,res016_no010,2021-05-31 15:00,lim,,
FALSE,,,,,鏡音レン,vs,229,2290,23,4,cute,theme_park,11,感じる隠れた努力,キラキラ好奇心☆,res023_no008,2021-05-31 15:00,perm,,
FALSE,,,,,東雲彰人,vbs,230,2300,11,3,cool,none,9,リードダンサー＆シンガー,幸せをかみしめて,res011_no008,2021-05-31 15:00,perm,,
FALSE,,,,,白石杏,vbs,231,2310,10,2,happy,none,5,いつか私達の手で,飛び入りダンサー,res010_no008,2021-05-31 15:00,perm,,
FALSE,,,,,天馬司,wxs,232,2320,13,4,cool,none,4,次なる舞台へ！,選択の行方,res013_no011,2021-06-11 15:00,perm,,
FALSE,,,,,鳳えむ,wxs,233,2330,14,4,cool,none,7,始まりは着ぐるみさんと,想いはひとつ,res014_no010,2021-06-11 15:00,perm,,
FALSE,,,,,草薙寧々,wxs,234,2340,15,4,cool,none,11,これからを大事に,あなたがくれた自信,res015_no009,2021-06-11 15:00,perm,,
FALSE,,,,,鏡音リン,vs,235,2350,22,3,mysterious,theme_park,6,届いた笑顔,スマイルナイトタイム！,res022_no008,2021-06-11 15:00,perm,,
FALSE,,,,,KAITO,vs,236,2360,26,2,cool,theme_park,8,つながった笑顔の輪,チェシャっとスマイル,res026_no009,2021-06-11 15:00,perm,,
FALSE,,,,,宵崎奏,niigo,237,2370,17,4,mysterious,none,7,フラワーセラピー,思い出の花壇,res017_no010,2021-06-21 15:00,perm,,
FALSE,,,,,巡音ルカ,vs,238,2380,24,4,mysterious,school_refusal,4,本質をとらえる問い,私は私のやりかたで,res024_no011,2021-06-21 15:00,perm,,
FALSE,,,,,朝比奈まふゆ,niigo,239,2390,18,4,mysterious,none,11,キャラメル味のチョコ,こぼれたほほ笑み,res018_no010,2021-06-21 15:00,perm,,
FALSE,,,,,暁山瑞希,niigo,240,2400,20,3,cool,none,9,みんなの温かさ,迷える手を引いて,res020_no010,2021-06-21 15:00,perm,,
FALSE,,,,,東雲絵名,niigo,241,2410,19,2,cute,none,2,諦めの悪さは一緒,言葉にしてほしくて,res019_no010,2021-06-21 15:00,perm,,
FALSE,,,,,桐谷遥,mmj,242,2420,6,4,cool,none,12,飛び立つ希望,いつか届けられたら,res006_no010,2021-06-30 15:00,fes,,
FALSE,,,,,桃井愛莉,mmj,243,2430,7,4,happy,none,13,わたしとの約束,アイドルを目指すあなたへ,res007_no010,2021-06-30 15:00,fes,,
FALSE,,,,,天馬咲希,ln,244,2440,2,4,happy,none,7,晴れの日、きらめく音色,辿り着けた想い,res002_no011,2021-06-30 15:00,perm,,
FALSE,,,,,鏡音リン,vs,245,2450,22,4,happy,light_sound,10,キミの笑顔が見たくて,おてんばなメロディー,res022_no009,2021-06-30 15:00,perm,,
FALSE,,,,,日野森志歩,ln,246,2460,4,4,happy,none,11,薄日の中のチューニング,昼休みの語らい,res004_no009,2021-06-30 15:00,perm,,
FALSE,,,,,望月穂波,ln,247,2470,3,3,cool,none,3,きっとわかってくれるよ,仲間を想うということ,res003_no010,2021-06-30 15:00,perm,,
FALSE,,,,,星乃一歌,ln,248,2480,1,2,cute,none,5,次は私達の言葉を,晴れを待つ雨傘,res001_no009,2021-06-30 15:00,perm,,
FALSE,,,,,小豆沢こはね,vbs,249,2490,9,4,cute,none,10,肩を並べ踏み出す一歩,内なる力の目覚め,res009_no009,2021-07-09 15:00,perm,,
FALSE,,,,,白石杏,vbs,250,2500,10,4,cute,none,7,絶対の信頼,相棒に伝える言葉,res010_no009,2021-07-09 15:00,perm,,
FALSE,,,,,MEIKO,vs,251,2510,25,4,cute,street,11,優しい眼差し,トーキング・コーヒー・タイム,res025_no011,2021-07-09 15:00,perm,,
FALSE,,,,,青柳冬弥,vbs,252,2520,12,3,pure,none,3,ポップキャンディ・ドッグ,仲間への畏敬,res012_no011,2021-07-09 15:00,perm,,
FALSE,,,,,鏡音リン,vs,253,2530,22,2,cool,street,5,小さな冒険,ポップ・アウト・セカイ,res022_no010,2021-07-09 15:00,perm,,
FALSE,,,,,東雲彰人,vbs,254,2540,11,4,cool,none,10,サッカーは今も,変わらぬ夏祭り,res011_no009,2021-07-20 15:00,perm,,
FALSE,,,,,東雲絵名,niigo,255,2550,19,4,cool,none,7,裏も表も知ってるんだけど,いつかの夏祭り,res019_no011,2021-07-20 15:00,perm,,
FALSE,,,,,鏡音レン,vs,256,2560,23,4,cool,street,11,みんなで踊ろう！,オレのダンスシューズ！,res023_no009,2021-07-20 15:00,perm,,
FALSE,,,,,桃井愛莉,mmj,257,2570,7,3,happy,none,9,おいしい夏祭り,それはズルいでしょ！,res007_no011,2021-07-20 15:00,perm,,
FALSE,,,,,暁山瑞希,niigo,258,2580,20,2,happy,none,2,諦めない強さを,サマーナイトフェスティバル,res020_no011,2021-07-20 15:00,perm,,
FALSE,,,,,望月穂波,ln,259,2590,3,4,pure,none,4,一緒に泳げば怖くないよ,海での水泳教室,res003_no011,2021-07-31 15:00,lim,,
FALSE,,,,,天馬咲希,ln,260,2600,2,4,pure,none,7,みんなへつなぐため,マジックショー・アシスタント！,res002_no012,2021-07-31 15:00,lim,,
FALSE,,,,,鳳えむ,wxs,261,2610,14,4,pure,none,11,思い出のおすそわけ,バーベキュー奉行！？,res014_no011,2021-07-31 15:00,perm,,
FALSE,,,,,初音ミク,vs,262,2620,21,3,mysterious,theme_park,3,サンゴ礁でこんにちは♪,おっきな貝殻、どこかな？,res021_no014,2021-07-31 15:00,perm,,
FALSE,,,,,小豆沢こはね,vbs,263,2630,9,2,cool,none,8,新しい歌声,想いをこめたシーグラス,res009_no010,2021-07-31 15:00,perm,,
FALSE,,,,,桃井愛莉,mmj,264,2640,7,4,mysterious,none,4,わたしが届けられたもの,全力！ハッピーエブリデイ！,res007_no012,2021-08-10 15:00,perm,,
FALSE,,,,,鏡音レン,vs,265,2650,23,4,mysterious,idol,10,特別ライブにご招待！,ステージの王子様,res023_no010,2021-08-10 15:00,perm,,
FALSE,,,,,桐谷遥,mmj,266,2660,6,4,mysterious,none,11,不可能を、可能に！,小さなファンと一緒に,res006_no011,2021-08-10 15:00,perm,,
FALSE,,,,,日野森雫,mmj,267,2670,8,3,cute,none,6,あの時、できなかった歌を,秘密の交渉,res008_no009,2021-08-10 15:00,perm,,
FALSE,,,,,花里みのり,mmj,268,2680,5,2,mysterious,none,2,世界にひとつだけのサイン,慌てんぼうなメッセンジャー,res005_no010,2021-08-10 15:00,perm,,
FALSE,,,,,草薙寧々,wxs,269,2690,15,4,pure,none,7,勇気をくれた歌,打ち上げは花火で,res015_no010,2021-08-20 15:00,perm,,
FALSE,,,,,神代類,wxs,270,2700,16,4,pure,none,10,ほんの少しの寂しさ,舞台裏の錬金術師,res016_no011,2021-08-20 15:00,perm,,
FALSE,,,,,巡音ルカ,vs,271,2710,24,4,pure,theme_park,11,スリーピング・レフェリー,海に想いを馳せて,res024_no012,2021-08-20 15:00,perm,,
FALSE,,,,,KAITO,vs,272,2720,26,3,happy,theme_park,3,叶えられた願い,座長の一日休暇,res026_no010,2021-08-20 15:00,perm,,
FALSE,,,,,鳳えむ,wxs,273,2730,14,2,happy,none,5,家族の海の思い出,守りたい笑顔,res014_no012,2021-08-20 15:00,perm,,
FALSE,,,,,日野森雫,mmj,274,2740,8,4,cute,none,4,今度は私が支えたいの,あの日と同じお団子を,res008_no010,2021-08-31 15:00,lim,,
FALSE,,,,,日野森志歩,ln,275,2750,4,4,cute,none,10,まだぎゅってしてて,寂しさを埋めてくれたのは,res004_no010,2021-08-31 15:00,lim,,
FALSE,,,,,MEIKO,vs,276,2760,25,4,cute,idol,11,新生めーちゃんのお月見ライブ！,企画会議のヒントはうさぎ！？,res025_no012,2021-08-31 15:00,perm,,
FALSE,,,,,初音ミク,vs,277,2770,21,3,happy,light_sound,6,見てきたキミの姿,屋上での語らい,res021_no015,2021-08-31 15:00,perm,,
FALSE,,,,,朝比奈まふゆ,niigo,278,2780,18,2,cute,none,8,ささやかなお月見の夜,見上げる月は同じ,res018_no011,2021-08-31 15:00,perm,,
FALSE,,,,,星乃一歌,ln,279,2790,1,4,mysterious,none,7,伝えたい言葉,想いをつなげるスターピース,res001_no010,2021-09-10 15:00,perm,,
FALSE,,,,,KAITO,vs,280,2800,26,4,mysterious,light_sound,10,新しい扉を開いて,音で語るセッション,res026_no011,2021-09-10 15:00,perm,,
FALSE,,,,,望月穂波,ln,281,2810,3,4,mysterious,none,11,創ることへの想い,できることを探して,res003_no012,2021-09-10 15:00,perm,,
FALSE,,,,,日野森志歩,ln,282,2820,4,3,pure,none,9,仲間への信頼,このあとは反省会,res004_no011,2021-09-10 15:00,perm,,
FALSE,,,,,天馬咲希,ln,283,2830,2,2,mysterious,none,2,頑張るあなたへのメッセージ,クッキー・エール,res002_no013,2021-09-10 15:00,perm,,
FALSE,,,,,朝比奈まふゆ,niigo,284,2840,18,4,happy,none,4,もう、忘れてしまわないように,あたたかい愛情の記憶,res018_no012,2021-09-21 15:00,perm,,
FALSE,,,,,暁山瑞希,niigo,285,2850,20,4,happy,none,7,進むことへの怖さ,ひとときの安息,res020_no012,2021-09-21 15:00,perm,,
FALSE,,,,,鏡音リン,vs,286,2860,22,4,happy,school_refusal,11,安らぎの子守歌,アルバムのあの子,res022_no011,2021-09-21 15:00,perm,,
FALSE,,,,,東雲絵名,niigo,287,2870,19,3,cute,none,9,遠慮なく相談して,取り消したメッセージ,res019_no012,2021-09-21 15:00,perm,,
FALSE,,,,,宵崎奏,niigo,288,2880,17,2,pure,none,2,まふゆからのお礼,不器用なティータイム,res017_no011,2021-09-21 15:00,perm,,
FALSE,,,,,初音ミク,vs,289,2890,21,4,mysterious,none,12,“わたし”達の想いも託して,想いが重なる場所で,res021_no016,2021-10-01 15:00,fes,,
FALSE,,,,,星乃一歌,ln,290,2900,1,4,cool,none,13,思い出のジャングルジム,かつて見た星空,res001_no011,2021-10-01 15:00,fes,,
FALSE,,,,,花里みのり,mmj,291,2910,5,4,pure,none,10,未熟でも、もっともっと,仲間達からの祝福,res005_no011,2021-10-01 15:00,lim,,
FALSE,,,,,小豆沢こはね,vbs,292,2920,9,4,pure,none,4,音楽がくれた出会い,えむ流？ダンスの極意！,res009_no011,2021-10-01 15:00,lim,,
FALSE,,,,,天馬司,wxs,293,2930,13,4,pure,none,7,笑顔がくれる力,ステージ裏での激励,res013_no012,2021-10-01 15:00,lim,,
FALSE,,,,,宵崎奏,niigo,294,2940,17,3,mysterious,none,3,まぶしい歌声,音楽が見せてくれる世界,res017_no012,2021-10-01 15:00,perm,,
FALSE,,,,,桐谷遥,mmj,295,2950,6,birthday,cute,none,14,抱えきれない『ありがとう』,Happy Birthday！！,res006_no012,2021-10-05 0:00,bday,,
FALSE,,,,,白石杏,vbs,296,2960,10,4,cool,none,7,心を決めて,オーバー・ザ・フェンス,res010_no010,2021-10-11 15:00,perm,,
FALSE,,,,,青柳冬弥,vbs,297,2970,12,4,cool,none,10,いつもどおりに,信頼への信頼,res012_no012,2021-10-11 15:00,perm,,
FALSE,,,,,初音ミク,vs,298,2980,21,4,cool,street,11,受け取った決意,聞きたくない言葉でも,res021_no017,2021-10-11 15:00,perm,,
FALSE,,,,,鏡音レン,vs,299,2990,23,3,cute,street,9,一番の相棒でいたいから,オレの相棒なのに,res023_no011,2021-10-11 15:00,perm,,
FALSE,,,,,東雲彰人,vbs,300,3000,11,2,mysterious,none,2,『相棒』の先輩として,誇れる選択,res011_no010,2021-10-11 15:00,perm,,
FALSE,,,,,神代類,wxs,301,3010,16,4,happy,none,7,ようこそ僕の家へ！,在りし日の憧憬,res016_no012,2021-10-21 15:00,perm,,
FALSE,,,,,鳳えむ,wxs,302,3020,14,4,happy,none,4,秘密の特訓♪,ジャジャジャジャーンプ！,res014_no013,2021-10-21 15:00,perm,,
FALSE,,,,,草薙寧々,wxs,303,3030,15,4,happy,none,11,新しいチャレンジ,人見知りな来訪者,res015_no011,2021-10-21 15:00,perm,,
FALSE,,,,,天馬司,wxs,304,3040,13,3,happy,none,9,レッツ虫よけスプレー？,将校の危機,res013_no013,2021-10-21 15:00,perm,,
FALSE,,,,,鏡音リン,vs,305,3050,22,2,pure,theme_park,2,セカイで大ジャンプ♪,インテリシティガール,res022_no012,2021-10-21 15:00,perm,,
FALSE,,,,,望月穂波,ln,306,3060,3,birthday,mysterious,none,14,うるうるニコニコな誕生日,Happy Birthday！！,res003_no013,2021-10-27 0:00,bday,,
FALSE,,,,,暁山瑞希,niigo,307,3070,20,4,cute,none,10,待たれる側に,ハーミット・リバース,res020_no013,2021-10-31 15:00,lim,,
FALSE,,,,,東雲絵名,niigo,308,3080,19,4,cute,none,7,小さな日常から,ハーミット・サーチャー,res019_no013,2021-10-31 15:00,lim,,
FALSE,,,,,宵崎奏,niigo,309,3090,17,4,cute,none,11,天才の耳,吊られた少女の見たものは,res017_no013,2021-10-31 15:00,perm,,
FALSE,,,,,MEIKO,vs,310,3100,25,3,cool,school_refusal,6,赤い道しるべ,正しさの天秤,res025_no013,2021-10-31 15:00,perm,,
FALSE,,,,,朝比奈まふゆ,niigo,311,3110,18,2,cool,none,2,前に進むこと,導きの杖,res018_no013,2021-10-31 15:00,perm,,
FALSE,,,,,MEIKO,vs,312,3120,25,birthday,pure,none,14,頼れるお姉さん,Happy Anniversary！！,res025_no014,2021-11-05 0:00,bday,,
FALSE,,,,,望月穂波,ln,313,3130,3,4,cool,none,10,支えられるように,大切な友達だから,res003_no014,2021-11-11 15:00,perm,,
FALSE,,,,,日野森志歩,ln,314,3140,4,4,cool,none,7,噂の真相,痛い言葉,res004_no012,2021-11-11 15:00,perm,,
FALSE,,,,,天馬咲希,ln,315,3150,2,4,cool,none,11,新・やりたい100のこと,次のライブのために！,res002_no014,2021-11-11 15:00,perm,,
FALSE,,,,,星乃一歌,ln,316,3160,1,3,cute,none,6,プロになるためにとおる道,新曲の方向性,res001_no012,2021-11-11 15:00,perm,,
FALSE,,,,,鏡音レン,vs,317,3170,23,2,happy,light_sound,2,特訓はほどほどに,想いをぶつける強さ,res023_no012,2021-11-11 15:00,perm,,
FALSE,,,,,東雲彰人,vbs,318,3180,11,birthday,cute,none,14,ハラハラドキドキなびっくり箱？,Happy Birthday！！,res011_no011,2021-11-12 0:00,bday,,
FALSE,,,,,小豆沢こはね,vbs,319,3190,9,4,happy,none,7,シャッターチャンス！,ふたりだけの秘密,res009_no012,2021-11-20 15:00,perm,,
FALSE,,,,,巡音ルカ,vs,320,3200,24,4,happy,idol,10,意外な怖がりさん,心強い言葉,res024_no013,2021-11-20 15:00,perm,,
FALSE,,,,,桐谷遥,mmj,321,3210,6,4,happy,none,11,プライベートな時間,ストリート系アイドル！？,res006_no013,2021-11-20 15:00,perm,,
FALSE,,,,,白石杏,vbs,322,3220,10,3,mysterious,none,3,デートのお相手は？,ワクワク最高潮！,res010_no011,2021-11-20 15:00,perm,,
FALSE,,,,,日野森雫,mmj,323,3230,8,2,cute,none,8,これからもたくさんの思い出を,フェニラン・ナイトデート,res008_no011,2021-11-20 15:00,perm,,
FALSE,,,,,朝比奈まふゆ,niigo,324,3240,18,4,cute,none,4,私にとってのミク,初雪のなかで,res018_no014,2021-11-30 15:00,lim,,
FALSE,,,,,星乃一歌,ln,325,3250,1,4,cute,none,4,作詞の先輩,CDがつなぐ出会い,res001_no013,2021-11-30 15:00,lim,,
FALSE,,,,,初音ミク,vs,326,3260,21,4,cute,school_refusal,11,初めての雪,まっすぐな歌詞,res021_no018,2021-11-30 15:00,perm,,
FALSE,,,,,宵崎奏,niigo,327,3270,17,3,cool,none,6,穏やかな時間,いつものラーメン,res017_no014,2021-11-30 15:00,perm,,
FALSE,,,,,望月穂波,ln,328,3280,3,2,pure,none,8,約束の日を待って,大切な幼馴染みのために,res003_no015,2021-11-30 15:00,perm,,
FALSE,,,,,日野森雫,mmj,329,3290,8,birthday,cool,none,14,仲良しな２羽の文鳥さん,Happy Birthday！！,res008_no012,2021-12-06 0:00,bday,,
FALSE,,,,,花里みのり,mmj,330,3300,5,4,mysterious,none,10,ミニライブの段取り,レッツ・ファンミーティング！,res005_no012,2021-12-10 15:00,perm,,
FALSE,,,,,桃井愛莉,mmj,331,3310,7,4,mysterious,none,7,笑顔の反省会,ファンと一緒に！,res007_no013,2021-12-10 15:00,perm,,
FALSE,,,,,日野森雫,mmj,332,3320,8,4,mysterious,none,11,みんなへのプレゼント,手作りおにぎり召し上がれ♪,res008_no013,2021-12-10 15:00,perm,,
FALSE,,,,,KAITO,vs,333,3330,26,3,pure,idol,9,頼れるみんなのお兄さん,アイドル兼マネージャー！？,res026_no012,2021-12-10 15:00,perm,,
FALSE,,,,,桐谷遥,mmj,334,3340,6,2,cute,none,2,教えて！みのり先生,Present for you！,res006_no014,2021-12-10 15:00,perm,,
FALSE,,,,,鏡音リン,vs,335,3350,22,4,mysterious,none,4,小瓶に託した願い,傲慢な王女,res022_no013,2021-12-13 15:00,lim,,
FALSE,,,,,鏡音レン,vs,336,3360,23,4,happy,none,4,『家族』への葛藤,双子の召使,res023_no013,2021-12-13 15:00,lim,,
FALSE,,,,,巡音ルカ,vs,337,3370,24,4,cute,none,7,紫の夢が見せたもの,嫉妬に狂った仕立屋,res024_no014,2021-12-13 15:00,lim,,
FALSE,,,,,MEIKO,vs,338,3380,25,4,mysterious,none,10,飽くなき美食への渇望,悪食の悪魔,res025_no015,2021-12-13 15:00,lim,,
FALSE,,,,,KAITO,vs,339,3390,26,4,cool,none,7,地獄の沙汰も金次第,強欲な裁判官,res026_no013,2021-12-13 15:00,lim,,
FALSE,,,,,初音ミク,vs,340,3400,21,2,happy,none,2,眠らせ姫のgift,眠りを知らぬ怠惰な未亡人,res021_no019,2021-12-13 15:00,lim,,
FALSE,,,,,青柳冬弥,vbs,341,3410,12,4,pure,none,7,湧き水でコーヒーを,アウトドアクッキング！,res012_no013,2021-12-20 15:00,perm,,
FALSE,,,,,東雲彰人,vbs,342,3420,11,4,pure,none,10,東雲家のキャンプ,冬の夜の語らい,res011_no012,2021-12-20 15:00,perm,,
FALSE,,,,,白石杏,vbs,343,3430,10,4,pure,none,11,帰ったあとも遠足だよ！,みんなでBBQ♪,res010_no012,2021-12-20 15:00,perm,,
FALSE,,,,,巡音ルカ,vs,344,3440,24,3,cool,street,6,歌って♪キャンプの歌,自由人参上！,res024_no015,2021-12-20 15:00,perm,,
FALSE,,,,,小豆沢こはね,vbs,345,3450,9,2,cute,none,2,トランプで対決！,あったかキャンプスタイル,res009_no013,2021-12-20 15:00,perm,,
FALSE,,,,,鏡音リン,vs,346,3460,22,birthday,cool,none,14,夢の中でもライブを,Happy Anniversary！！,res022_no014,2021-12-27 0:00,bday,,
FALSE,,,,,鏡音レン,vs,347,3470,23,birthday,pure,none,14,２倍よりもすごい祝福,Happy Anniversary！！,res023_no014,2021-12-27 0:00,bday,,
FALSE,,,,,草薙寧々,wxs,348,3480,15,4,mysterious,none,13,いつか胸を張って言える答えを,きらびやかな夢の舞台,res015_no012,2021-12-31 15:00,fes,,
FALSE,,,,,神代類,wxs,349,3490,16,4,cool,none,12,今だから信じられる言葉,果てのない想像と挑戦,res016_no013,2021-12-31 15:00,fes,,
FALSE,,,,,桐谷遥,mmj,350,3500,6,4,cute,none,4,桐谷神社へようこそ？,みんなと願う未来,res006_no015,2021-12-31 15:00,lim,,
FALSE,,,,,望月穂波,ln,351,3510,3,4,cute,none,7,ワンワンワン！？,大晦日のすごしかた,res003_no016,2021-12-31 15:00,lim,,
FALSE,,,,,小豆沢こはね,vbs,352,3520,9,4,cute,none,4,私達の絵馬,初日の出を背負って,res009_no014,2021-12-31 15:00,lim,,
FALSE,,,,,初音ミク,vs,353,3530,21,3,pure,idol,6,師匠、始めました！,かるた界のトップアイドル？,res021_no020,2021-12-31 15:00,perm,,
FALSE,,,,,日野森志歩,ln,354,3540,4,2,cool,none,8,ナイスアシスト,音の道も書の道も,res004_no013,2021-12-31 15:00,perm,,
FALSE,,,,,日野森志歩,ln,355,3550,4,birthday,happy,none,14,雫主催・友人達との誕生日会,Happy Birthday！！,res004_no014,2022-01-08 0:00,bday,,
FALSE,,,,,鳳えむ,wxs,356,3560,14,4,cool,none,10,どっちもがんばるノート,えむ隊員は調査中！,res014_no014,2022-01-12 15:00,perm,,
FALSE,,,,,天馬司,wxs,357,3570,13,4,cool,none,7,ドリームパークで見た演技,ダンス！アンド！シング！,res013_no014,2022-01-12 15:00,perm,,
FALSE,,,,,MEIKO,vs,358,3580,25,4,cool,theme_park,4,たくさんの夢を,泣き声はどこから？,res025_no016,2022-01-12 15:00,perm,,
FALSE,,,,,草薙寧々,wxs,359,3590,15,3,happy,none,3,みんなへのお土産,死ぬかと思った,res015_no013,2022-01-12 15:00,perm,,
FALSE,,,,,神代類,wxs,360,3600,16,2,mysterious,none,8,五感を刺激する演出,レインボー☆キャスト,res016_no014,2022-01-12 15:00,perm,,
FALSE,,,,,宵崎奏,niigo,361,3610,17,4,pure,none,10,これからも、４人で,微かに光るエルピス,res017_no015,2022-01-21 15:00,perm,,
FALSE,,,,,朝比奈まふゆ,niigo,362,3620,18,4,pure,none,7,守ってほしい約束,絶望の底のエルピス,res018_no015,2022-01-21 15:00,perm,,
FALSE,,,,,暁山瑞希,niigo,363,3630,20,4,pure,none,4,大切だと思える時間,当たり前になった打ち上げ,res020_no014,2022-01-21 15:00,perm,,
FALSE,,,,,東雲絵名,niigo,364,3640,19,3,pure,none,9,私の２年前,見合うものを作るために,res019_no014,2022-01-21 15:00,perm,,
FALSE,,,,,初音ミク,vs,365,3650,21,2,cute,school_refusal,5,わたしとセカイは、いつまでも,始まりの想いを見守って,res021_no021,2022-01-21 15:00,perm,,
FALSE,,,,,朝比奈まふゆ,niigo,366,3660,18,birthday,mysterious,none,14,たとえ感じられなくても,Happy Birthday！！,res018_no016,2022-01-27 0:00,bday,,
FALSE,,,,,巡音ルカ,vs,367,3670,24,birthday,happy,none,14,持ちつ持たれつ、いつまでも,Happy Anniversary！！,res024_no016,2022-01-30 0:00,bday,,
FALSE,,,,,桃井愛莉,mmj,368,3680,7,4,happy,none,10,同盟はいつまでも！,ナイショのお菓子作り,res007_no014,2022-01-31 15:00,lim,,
FALSE,,,,,天馬咲希,ln,369,3690,2,4,happy,none,4,もうひとつのサプライズ♪,ハプニングな電話,res002_no015,2022-01-31 15:00,lim,,
FALSE,,,,,鳳えむ,wxs,370,3700,14,4,happy,none,7,ピニャピニャピニャータ！,サプライズ☆トゥ☆ファミリー,res014_no015,2022-01-31 15:00,lim,,
FALSE,,,,,鏡音リン,vs,371,3710,22,3,cool,idol,3,わたしのとっておきサプライズ！,アイドル・オン・ケーキ♪,res022_no015,2022-01-31 15:00,perm,,
FALSE,,,,,日野森雫,mmj,372,3720,8,2,pure,none,8,名探偵の推理力？,レディ・オブ・バレンタイン,res008_no014,2022-01-31 15:00,perm,,
FALSE,,,,,小豆沢こはね,vbs,373,3730,9,4,mysterious,none,11,歌で景色を,そして知る『伝説』,res009_no015,2022-02-09 15:00,perm,,
FALSE,,,,,青柳冬弥,vbs,374,3740,12,4,mysterious,none,10,原点を知る,胸の高鳴りを言葉に,res012_no014,2022-02-09 15:00,perm,,
FALSE,,,,,鏡音レン,vs,375,3750,23,4,mysterious,street,4,今から特訓！,抑えきれない興味,res023_no015,2022-02-09 15:00,perm,,
FALSE,,,,,白石杏,vbs,376,3760,10,3,cute,none,6,迷っても、前へ！,これから開店！,res010_no013,2022-02-09 15:00,perm,,
FALSE,,,,,東雲彰人,vbs,377,3770,11,2,cool,none,2,決意は固く,Towards Legend,res011_no013,2022-02-09 15:00,perm,,
FALSE,,,,,宵崎奏,niigo,378,3780,17,birthday,cool,none,14,思い出のスペシャルプレート,Happy Birthday！！,res017_no016,2022-02-10 0:00,bday,,
FALSE,,,,,KAITO,vs,379,3790,26,birthday,cute,none,14,甘えてくれていいんだよ,Happy Anniversary！！,res026_no014,2022-02-17 0:00,bday,,
FALSE,,,,,日野森志歩,ln,380,3800,4,4,pure,none,4,夢みたいな現実,昔日に抱いた願い,res004_no015,2022-02-18 15:00,perm,,
FALSE,,,,,星乃一歌,ln,381,3810,1,4,pure,none,7,ひたすら褒める券,今の聞いてたの！？,res001_no014,2022-02-18 15:00,perm,,
FALSE,,,,,KAITO,vs,382,3820,26,4,pure,light_sound,4,気まずくない距離感,少し慣れない賑やかさ,res026_no015,2022-02-18 15:00,perm,,
FALSE,,,,,天馬咲希,ln,383,3830,2,3,happy,none,9,無理せず、いつもどおり！,未来のスターからの教え,res002_no016,2022-02-18 15:00,perm,,
FALSE,,,,,望月穂波,ln,384,3840,3,2,happy,none,5,級友との約束を,クール・ライダース・レディ,res003_no017,2022-02-18 15:00,perm,,
FALSE,,,,,天馬司,wxs,385,3850,13,4,mysterious,none,10,チョコレート・ペガサス！,トラブルミーティング！？,res013_no015,2022-02-28 15:00,lim,,
FALSE,,,,,東雲彰人,vbs,386,3860,11,4,mysterious,none,4,こだわりのオレンジピール,チョコ作りにも妥協なし,res011_no014,2022-02-28 15:00,lim,,
FALSE,,,,,暁山瑞希,niigo,387,3870,20,4,mysterious,none,7,友のためのチョコデザイン,メイキング・ウィズ・チルドレン,res020_no015,2022-02-28 15:00,lim,,
FALSE,,,,,日野森志歩,ln,388,3880,4,3,mysterious,none,9,たまには手作りも,『ありがとう』を込めて,res004_no016,2022-02-28 15:00,perm,,
FALSE,,,,,鏡音レン,vs,389,3890,23,2,cool,theme_park,2,ジェスチャーで意思疎通,イノセント・スクワイア,res023_no016,2022-02-28 15:00,perm,,
FALSE,,,,,小豆沢こはね,vbs,390,3900,9,birthday,happy,none,14,勇者こはねの大冒険！？,Happy Birthday！！,res009_no016,2022-03-02 0:00,bday,,
FALSE,,,,,日野森雫,mmj,391,3910,8,4,pure,none,10,『想い』から生まれた衣装,Feel like Magic,res008_no015,2022-03-11 15:00,perm,,
FALSE,,,,,花里みのり,mmj,392,3920,5,4,pure,none,11,ちょっとずつプロ意識,熱烈トーク！,res005_no013,2022-03-11 15:00,perm,,
FALSE,,,,,初音ミク,vs,393,3930,21,4,pure,idol,7,ありがとうを、ひと縫いずつ,セカイの衣装室へご案内♪,res021_no022,2022-03-11 15:00,perm,,
FALSE,,,,,桐谷遥,mmj,394,3940,6,3,mysterious,none,9,アイドルで高校生だから,“私達”を表現するために,res006_no016,2022-03-11 15:00,perm,,
FALSE,,,,,桃井愛莉,mmj,395,3950,7,2,mysterious,none,2,三つ葉にこめられた想い,ミステリアスハート・ウィッチ,res007_no015,2022-03-11 15:00,perm,,
FALSE,,,,,桃井愛莉,mmj,396,3960,7,birthday,pure,none,14,４人でケーキ入刀♪,Happy Birthday！！,res007_no016,2022-03-19 0:00,bday,,
FALSE,,,,,東雲絵名,niigo,397,3970,19,4,cool,none,4,可能性がある限り,苦しさも、惨めさも,res019_no015,2022-03-20 15:00,perm,,
FALSE,,,,,宵崎奏,niigo,398,3980,17,4,cool,none,10,いつでも頼って,音が腑に落ちる瞬間,res017_no017,2022-03-20 15:00,perm,,
FALSE,,,,,鏡音リン,vs,399,3990,22,4,cool,school_refusal,7,苦しんでほしくないけど,届けたい歌声,res022_no016,2022-03-20 15:00,perm,,
FALSE,,,,,朝比奈まふゆ,niigo,400,4000,18,3,pure,none,3,誰も正解を持っていないから,想起される色彩,res018_no017,2022-03-20 15:00,perm,,
FALSE,,,,,暁山瑞希,niigo,401,4010,20,2,pure,none,8,変化に寄り添って,３人だけの夜,res020_no016,2022-03-20 15:00,perm,,
FALSE,,,,,白石杏,vbs,402,4020,10,4,cute,none,13,同じ夢を追いかける仲間と,かつての熱狂,res010_no014,2022-03-30 15:00,fes,,
FALSE,,,,,青柳冬弥,vbs,403,4030,12,4,happy,none,12,今はまだ触れられなくても,のみこんでしまっていた想い,res012_no015,2022-03-30 15:00,fes,,
FALSE,,,,,初音ミク,vs,404,4040,21,4,happy,school_refusal,19,あったかいお花見,風に舞う花びらの中で,res021_no023,2022-03-30 15:00,lim,,
FALSE,,,,,鏡音レン,vs,405,4050,23,4,happy,street,17,探せ、ベストスポット！,春色スイーツに囲まれて,res023_no017,2022-03-30 15:00,lim,,
FALSE,,,,,巡音ルカ,vs,406,4060,24,4,happy,light_sound,15,教室のユメミグサ,黒板に咲くサクラ,res024_no017,2022-03-30 15:00,lim,,
FALSE,,,,,KAITO,vs,407,4070,26,4,happy,theme_park,18,僕の願いを、少しだけ,大丈夫だよ、みんな,res026_no016,2022-03-30 15:00,lim,,
FALSE,,,,,MEIKO,vs,408,4080,25,3,cute,street,3,春色crase cafe,春メニューの試食,res025_no017,2022-03-30 15:00,perm,,
FALSE,,,,,鏡音リン,vs,409,4090,22,2,cool,idol,8,桜ステージで春ライブ♪,bloomy idol♪,res022_no017,2022-03-30 15:00,perm,,
FALSE,,,,,天馬司,wxs,410,4100,13,4,cute,none,11,世界のスターに近づけたな！,星の旋律,res013_no016,2022-04-11 12:00,perm,,
FALSE,,,,,草薙寧々,wxs,411,4110,15,4,cute,none,7,ちょっとは信頼してるから,子リス達のお誘い,res015_no014,2022-04-11 12:00,perm,,
FALSE,,,,,神代類,wxs,412,4120,16,4,cute,none,10,星のひらめきを待って,その心意気を買って,res016_no015,2022-04-11 12:00,perm,,
FALSE,,,,,鳳えむ,wxs,413,4130,14,3,mysterious,none,3,楽しいほうれんそう,ニッコリ作戦大成功！,res014_no016,2022-04-11 12:00,perm,,
FALSE,,,,,初音ミク,vs,414,4140,21,2,mysterious,theme_park,8,共通点を探そー！,代役に挑戦！,res021_no024,2022-04-11 12:00,perm,,
FALSE,,,,,花里みのり,mmj,415,4150,5,birthday,cool,none,14,ファン達からの祝福,Happy Birthday！！,res005_no014,2022-04-14 0:00,bday,,
FALSE,,,,,星乃一歌,ln,416,4160,1,4,mysterious,none,4,この想いを届けるために,考えるより先に,res001_no015,2022-04-21 12:00,perm,,
FALSE,,,,,天馬咲希,ln,417,4170,2,4,mysterious,none,7,アタシも、誰かに届く曲を,サイコーにおいしい１杯！,res002_no017,2022-04-21 12:00,perm,,
FALSE,,,,,望月穂波,ln,418,4180,3,4,mysterious,none,10,思いやりの差し入れ,１枚の優しさ,res003_no018,2022-04-21 12:00,perm,,
FALSE,,,,,日野森志歩,ln,419,4190,4,3,cool,none,9,クレープパーティー,これからの展開は,res004_no017,2022-04-21 12:00,perm,,
FALSE,,,,,巡音ルカ,vs,420,4200,24,2,cute,light_sound,5,ほんの少しのきっかけを,的確なアドバイス,res024_no018,2022-04-21 12:00,perm,,
FALSE,,,,,東雲絵名,niigo,421,4210,19,birthday,mysterious,none,14,友人達とのショッピング,Happy Birthday！！,res019_no016,2022-04-30 0:00,bday,,
FALSE,,,,,桐谷遥,mmj,422,4220,6,4,cool,none,10,特製パフェタイム♪,的中した予感,res006_no017,2022-04-30 12:00,lim,,
FALSE,,,,,花里みのり,mmj,423,4230,5,4,cool,none,7,MORE MORE JUMP！秘話！？,初めての声域チェック！,res005_no015,2022-04-30 12:00,lim,,
FALSE,,,,,鏡音リン,vs,424,4240,22,4,cool,idol,16,レッツゴー・ショッピング！,もっと頼ってほしいんだ♪,res022_no018,2022-04-30 12:00,lim,,
FALSE,,,,,初音ミク,vs,425,4250,21,3,cute,idol,3,原点回帰のライブを,こちょこちょはどうかな？,res021_no025,2022-04-30 12:00,perm,,
FALSE,,,,,日野森雫,mmj,426,4260,8,2,happy,none,2,お顔の相を拝見！？,完成報告！,res008_no016,2022-04-30 12:00,perm,,
FALSE,,,,,天馬咲希,ln,427,4270,2,birthday,cute,none,14,天馬印の感謝状♪,Happy Birthday！！,res002_no018,2022-05-09 0:00,bday,,
FALSE,,,,,神代類,wxs,428,4280,16,4,cool,none,4,そろった役者達,黄昏の輝き,res016_no016,2022-05-10 12:00,perm,,
FALSE,,,,,暁山瑞希,niigo,429,4290,20,4,cool,none,11,託された炎,お先に失礼！,res020_no017,2022-05-10 12:00,perm,,
FALSE,,,,,巡音ルカ,vs,430,4300,24,4,cool,theme_park,7,魔法の行方を見届けて,カッパさんの好きな物？,res024_no019,2022-05-10 12:00,perm,,
FALSE,,,,,東雲彰人,vbs,431,4310,11,3,pure,none,6,平穏な休み時間のために？,なりふりかまってられねえ！,res011_no015,2022-05-10 12:00,perm,,
FALSE,,,,,東雲絵名,niigo,432,4320,19,2,happy,none,8,垣間見えた努力,体育祭の舞台裏,res019_no017,2022-05-10 12:00,perm,,
FALSE,,,,,天馬司,wxs,433,4330,13,birthday,happy,none,14,謎の挑戦状！？,Happy Birthday！！,res013_no017,2022-05-17 0:00,bday,,
FALSE,,,,,東雲彰人,vbs,434,4340,11,4,cute,none,7,足りないものはパンケーキ？,手にした熱気,res011_no016,2022-05-20 12:00,perm,,
FALSE,,,,,小豆沢こはね,vbs,435,4350,9,4,cute,none,7,街と景色と空気と,褒められちゃった♪,res009_no017,2022-05-20 12:00,perm,,
FALSE,,,,,KAITO,vs,436,4360,26,4,cute,street,4,VS Vivid BAD SQUAD！？,みんなも美味しいパンケーキ！,res026_no017,2022-05-20 12:00,perm,,
FALSE,,,,,青柳冬弥,vbs,437,4370,12,3,mysterious,none,3,同じ夢を持つ仲間として,お腹は正直,res012_no016,2022-05-20 12:00,perm,,
FALSE,,,,,白石杏,vbs,438,4380,10,2,pure,none,8,譲れない熱,ほんの少しの悔しさ,res010_no015,2022-05-20 12:00,perm,,
FALSE,,,,,青柳冬弥,vbs,439,4390,12,birthday,cool,none,14,足りなくなったクッキー,Happy Birthday！！,res012_no017,2022-05-25 0:00,bday,,
FALSE,,,,,白石杏,vbs,440,4400,10,4,pure,none,10,親達の反応,純白に身を包んで,res010_no016,2022-05-31 12:00,lim,,
FALSE,,,,,日野森雫,mmj,441,4410,8,4,pure,none,7,完璧なエスコートの秘密？,転ばぬようあなたの手を,res008_no017,2022-05-31 12:00,lim,,
FALSE,,,,,MEIKO,vs,442,4420,25,4,pure,street,17,つながりを感じて,頑張ったあなたへの,res025_no018,2022-05-31 12:00,lim,,
FALSE,,,,,桃井愛莉,mmj,443,4430,7,3,cute,none,3,いろいろな形の幸せ,キュートに目を奪われて,res007_no017,2022-05-31 12:00,perm,,
FALSE,,,,,小豆沢こはね,vbs,444,4440,9,2,happy,none,5,撮影の合間に,プリティブライズメイド,res009_no018,2022-05-31 12:00,perm,,
FALSE,,,,,朝比奈まふゆ,niigo,445,4450,18,4,cool,none,10,まぶしい光景,茜さすぬくもりの中で,res018_no018,2022-06-10 12:00,perm,,
FALSE,,,,,暁山瑞希,niigo,446,4460,20,4,cool,none,10,みんなで迎えに,怖くないよ,res020_no018,2022-06-10 12:00,perm,,
FALSE,,,,,鏡音レン,vs,447,4470,23,4,cool,school_refusal,7,うきうきという気持ち,隠れぎみな挨拶と共に,res023_no018,2022-06-10 12:00,perm,,
FALSE,,,,,東雲絵名,niigo,448,4480,19,3,happy,none,6,３人だけの打ち上げ,最高に盛れる角度で,res019_no018,2022-06-10 12:00,perm,,
FALSE,,,,,宵崎奏,niigo,449,4490,17,2,mysterious,none,2,何度でも見つけるから,その手を離さないように,res017_no018,2022-06-10 12:00,perm,,
FALSE,,,,,草薙寧々,wxs,450,4500,15,4,happy,none,4,アドレス帳、危機一髪！？,遊びのお礼に,res015_no015,2022-06-20 12:00,perm,,
FALSE,,,,,天馬司,wxs,451,4510,13,4,happy,none,7,数日ぶりのただいま,執念の追いかけっこ,res013_no018,2022-06-20 12:00,perm,,
FALSE,,,,,鳳えむ,wxs,452,4520,14,4,happy,none,11,クルーザーで何する？,嵐の前のフィッシング,res014_no017,2022-06-20 12:00,perm,,
FALSE,,,,,MEIKO,vs,453,4530,25,3,happy,theme_park,9,備えあればうれいなし♪,挑戦の心得！,res025_no019,2022-06-20 12:00,perm,,
FALSE,,,,,神代類,wxs,454,4540,16,2,cute,none,2,ひとりだけの食糧難？,サバイバルチャレンジ！,res016_no017,2022-06-20 12:00,perm,,
FALSE,,,,,神代類,wxs,455,4550,16,birthday,mysterious,none,14,特別な“普通”,Happy Birthday！！,res016_no018,2022-06-24 12:00,bday,,
FALSE,,,,,望月穂波,ln,456,4560,3,4,happy,none,13,求められていなくても,積み重ねてきた勇気,res003_no019,2022-06-30 12:00,fes,,
FALSE,,,,,日野森志歩,ln,457,4570,4,4,mysterious,none,12,あの日の覚悟,私にとって正しい道,res004_no018,2022-06-30 12:00,fes,,
FALSE,,,,,宵崎奏,niigo,458,4580,17,4,happy,none,4,あっという間に流れる会話,この一球で……！,res017_no019,2022-06-30 12:00,lim,,
FALSE,,,,,花里みのり,mmj,459,4590,5,4,happy,none,7,ペンぴょんを持つべき人は,名誉の転倒,res005_no016,2022-06-30 12:00,lim,,
FALSE,,,,,東雲絵名,niigo,460,4600,19,4,happy,none,10,まっすぐなまなざし,アーム弱すぎ！,res019_no019,2022-06-30 12:00,lim,,
FALSE,,,,,巡音ルカ,vs,461,4610,24,3,happy,school_refusal,9,駆け引き失敗？,炎天下の応援,res024_no020,2022-06-30 12:00,perm,,
FALSE,,,,,星乃一歌,ln,462,4620,1,2,cool,none,5,バブルかぶってくれるかな？,自分からいかないと,res001_no016,2022-06-30 12:00,perm,,
FALSE,,,,,白石杏,vbs,463,4630,10,4,mysterious,none,4,RADderのケンカ事情？,優しい記憶,res010_no017,2022-07-11 12:00,perm,,
FALSE,,,,,東雲彰人,vbs,464,4640,11,4,mysterious,none,11,第１回ランニング大会！,朝練の一幕,res011_no017,2022-07-11 12:00,perm,,
FALSE,,,,,鏡音リン,vs,465,4650,22,4,mysterious,street,10,空気を感じるために,上映中はお静かに！,res022_no019,2022-07-11 12:00,perm,,
FALSE,,,,,小豆沢こはね,vbs,466,4660,9,3,happy,none,9,みんなで街巡り！,レモネードで一休み♪,res009_no019,2022-07-11 12:00,perm,,
FALSE,,,,,青柳冬弥,vbs,467,4670,12,2,pure,none,2,この街の思い出,感じた想いの行方,res012_no018,2022-07-11 12:00,perm,,
FALSE,,,,,草薙寧々,wxs,468,4680,15,birthday,pure,none,14,かけがえのないバカバカしい日々,Happy Birthday！！,res015_no016,2022-07-20 0:00,bday,,
FALSE,,,,,天馬咲希,ln,469,4690,2,4,cute,none,4,雲のソフトクリーム,記憶の深淵,res002_no019,2022-07-21 12:00,perm,,
FALSE,,,,,星乃一歌,ln,470,4700,1,4,cute,none,7,痛みさえもわけあって,その歌を聴かせて,res001_no017,2022-07-21 12:00,perm,,
FALSE,,,,,鏡音レン,vs,471,4710,23,4,cute,light_sound,10,たとえ誰にも響かなくても,放課後のひととき,res023_no019,2022-07-21 12:00,perm,,
FALSE,,,,,KAITO,vs,472,4720,26,3,cool,light_sound,6,一番音楽してる？,曲と向き合うということ,res026_no018,2022-07-21 12:00,perm,,
FALSE,,,,,日野森志歩,ln,473,4730,4,2,happy,none,2,大切だからこそ,真正面からのリベンジへ,res004_no019,2022-07-21 12:00,perm,,
FALSE,,,,,白石杏,vbs,474,4740,10,birthday,pure,none,14,家族みたいなものだから,Happy Birthday！！,res010_no018,2022-07-26 0:00,bday,,
FALSE,,,,,草薙寧々,wxs,475,4750,15,4,cute,none,10,好きなものこそわかちあって,標的は逃がさない,res015_no017,2022-07-31 12:00,lim,,
FALSE,,,,,鳳えむ,wxs,476,4760,14,4,cute,none,4,超☆感覚プレイヤー,おめめキラキラだね☆,res014_no018,2022-07-31 12:00,lim,,
FALSE,,,,,青柳冬弥,vbs,477,4770,12,4,cute,none,7,こだわりのチーム名,目にも留まらぬぷよ捌き,res012_no019,2022-07-31 12:00,lim,,
FALSE,,,,,東雲彰人,vbs,478,4780,11,3,cute,none,3,ガンスリンガー・オオカミ＆パンダ,ぬいぐるみと共に,res011_no018,2022-07-31 12:00,perm,,
FALSE,,,,,初音ミク,vs,479,4790,21,2,cool,theme_park,5,みんなで落書きタイム♪,ミクミク☆ガンナー！,res021_no026,2022-07-31 12:00,perm,,
FALSE,,,,,星乃一歌,ln,480,4800,1,birthday,cool,none,14,彩られた日々,Happy Birthday！！,res001_no018,2022-08-11 0:00,bday,,
FALSE,,,,,桃井愛莉,mmj,481,4810,7,4,cool,none,4,癒しの足つぼマッサージ？,最強アイドルスマイル！,res007_no018,2022-08-10 12:00,perm,,
FALSE,,,,,日野森雫,mmj,482,4820,8,4,cool,none,10,あなたはずっとずっとアイドル,落ちちゃったかしら？,res008_no018,2022-08-10 12:00,perm,,
FALSE,,,,,MEIKO,vs,483,4830,25,4,cool,idol,7,特訓の先で得るもの,まずは腹筋の強化から！,res025_no020,2022-08-10 12:00,perm,,
FALSE,,,,,花里みのり,mmj,484,4840,5,3,pure,none,3,スイカ割りで特訓！,想い混ざりあうスムージー,res005_no017,2022-08-10 12:00,perm,,
FALSE,,,,,桐谷遥,mmj,485,4850,6,2,mysterious,none,5,お礼のサプライズ,夏！合宿！水着！,res006_no018,2022-08-10 12:00,perm,,
FALSE,,,,,暁山瑞希,niigo,486,4860,20,4,cute,none,4,『今』を届けるレター,勇気をくれたもの,res020_no019,2022-08-20 12:00,perm,,
FALSE,,,,,宵崎奏,niigo,487,4870,17,4,cute,none,7,初めてのカフェ作業,朝日に目を細めて,res017_no020,2022-08-20 12:00,perm,,
FALSE,,,,,朝比奈まふゆ,niigo,488,4880,18,4,cute,none,10,『姉』という存在,遠いぬくもり,res018_no019,2022-08-20 12:00,perm,,
FALSE,,,,,東雲絵名,niigo,489,4890,19,3,mysterious,none,6,KからのDM,いいものを作りたいから,res019_no020,2022-08-20 12:00,perm,,
FALSE,,,,,巡音ルカ,vs,490,4900,24,2,cool,school_refusal,8,変化したのは……,待つという選択,res024_no021,2022-08-20 12:00,perm,,
FALSE,,,,,暁山瑞希,niigo,491,4910,20,birthday,happy,none,14,あたたかくて賑やかな誕生日,Happy Birthday！！,res020_no020,2022-08-27 0:00,bday,,
FALSE,,,,,初音ミク,vs,492,4920,21,birthday,happy,none,14,感謝のデュエット♪,Happy Anniversary！！,res021_no027,2022-08-31 0:00,bday,,
FALSE,,,,,日野森志歩,ln,493,4930,4,4,pure,none,10,鼓舞の言葉,全力のステージ,res004_no020,2022-08-31 12:00,lim,,
FALSE,,,,,星乃一歌,ln,494,4940,1,4,pure,none,10,秘密の円陣,ひらめきを待って,res001_no019,2022-08-31 12:00,lim,,
FALSE,,,,,天馬咲希,ln,495,4950,2,4,pure,none,4,ほっぺはぷにぷにのままで,ムキムキになっちゃった！？,res002_no020,2022-08-31 12:00,lim,,
FALSE,,,,,鏡音リン,vs,496,4960,22,3,pure,light_sound,6,優しさって難しいなぁ,口にできない言葉,res022_no020,2022-08-31 12:00,perm,,
FALSE,,,,,望月穂波,ln,497,4970,3,2,cute,none,2,伝えきれないほどのありがとう,信じる力,res003_no020,2022-08-31 12:00,perm,,
FALSE,,,,,鳳えむ,wxs,498,4980,14,birthday,cute,none,14,えむ隊員の大冒険！,Happy Birthday！！,res014_no019,2022-09-09 0:00,bday,,
FALSE,,,,,東雲絵名,niigo,499,4990,19,4,mysterious,none,4,みんなでデッサン♪,思い出の動物は,res019_no021,2022-09-09 12:00,perm,,
FALSE,,,,,望月穂波,ln,500,5000,3,4,mysterious,none,7,わたしのワニさん、猫さん,どうしてこうなるの？,res003_no021,2022-09-09 12:00,perm,,
FALSE,,,,,鳳えむ,wxs,501,5010,14,4,mysterious,none,10,にこにこ絵描き歌,たこさんと同じ顔っ☆,res014_no020,2022-09-09 12:00,perm,,
FALSE,,,,,鏡音レン,vs,502,5020,23,3,cool,light_sound,3,ロックとバイクに夜更かし、コーヒー,オレ流かっこいい表現！,res023_no020,2022-09-09 12:00,perm,,
FALSE,,,,,宵崎奏,niigo,503,5030,17,2,happy,none,5,コロッケじゃなくてミートボール,出会いを導いて,res017_no021,2022-09-09 12:00,perm,,
FALSE,,,,,青柳冬弥,vbs,504,5040,12,4,cool,none,11,『俺達の音』を求めて,これから先もずっと,res012_no020,2022-09-20 12:00,perm,,
FALSE,,,,,小豆沢こはね,vbs,505,5050,9,4,cool,none,10,感じたドキドキを集めて,ミッドナイトメイキング,res009_no020,2022-09-20 12:00,perm,,
FALSE,,,,,KAITO,vs,506,5060,26,4,cool,street,10,何事も挑戦,こだわりじゃない？,res026_no019,2022-09-20 12:00,perm,,
FALSE,,,,,白石杏,vbs,507,5070,10,3,cool,none,3,この歌だからこその情熱を,ニュアンスランゲージ,res010_no019,2022-09-20 12:00,perm,,
FALSE,,,,,東雲彰人,vbs,508,5080,11,2,happy,none,5,杏とこはねのいない日,それぞれの休日の過ごし方,res011_no019,2022-09-20 12:00,perm,,
FALSE,,,,,初音ミク,vs,509,5090,21,4,pure,none,13,わたしが、そばにいるよ,せめて、わたしに,res021_no028,2022-09-30 12:00,fes,,
FALSE,,,,,巡音ルカ,vs,510,5100,24,4,pure,none,12,いつか、この想いが生まれる日を,語る、『あなた』の想いへ,res024_no022,2022-09-30 12:00,fes,,
FALSE,,,,,朝比奈まふゆ,niigo,511,5110,18,4,pure,none,4,みんなで食べるクレープ,優しいおまじない,res018_no020,2022-09-30 12:00,lim,,
FALSE,,,,,日野森雫,mmj,512,5120,8,4,pure,none,10,偶然のラッキー？,おまんじゅうでリラックス♪,res008_no019,2022-09-30 12:00,lim,,
FALSE,,,,,東雲彰人,vbs,513,5130,11,4,pure,none,4,旧友との友情,大歓声の熱狂を,res011_no020,2022-09-30 12:00,lim,,
FALSE,,,,,神代類,wxs,514,5140,16,4,pure,none,7,みんなでイス係,投げかける言葉は,res016_no019,2022-09-30 12:00,lim,,
FALSE,,,,,望月穂波,ln,515,5150,3,3,cute,none,6,早く相談しなくちゃ！,わたし達を知ってもらうために,res003_no022,2022-09-30 15:00,perm,,
FALSE,,,,,桐谷遥,mmj,516,5160,6,birthday,mysterious,none,14,ペンギンパラダイス！,Happy Birthday！！2022,res006_no019,2022-10-05 0:00,bday,,
FALSE,,,,,花里みのり,mmj,517,5170,5,4,cute,none,4,この親にしてこの子あり？,スポットライトのその先へ,res005_no018,2022-10-12 12:00,perm,,
FALSE,,,,,桐谷遥,mmj,518,5180,6,4,cute,none,7,あの言葉の意味,心までも、つなげて,res006_no020,2022-10-12 12:00,perm,,
FALSE,,,,,桃井愛莉,mmj,519,5190,7,4,cute,none,11,最高のワンマンにするために,ワンマン作戦会議！,res007_no019,2022-10-12 12:00,perm,,
FALSE,,,,,日野森雫,mmj,520,5200,8,3,mysterious,none,6,楽しい検品作業？,どきどきグッズ開封♪,res008_no020,2022-10-12 15:00,perm,,
FALSE,,,,,KAITO,vs,521,5210,26,2,pure,idol,8,輝く姿を焼きつけて,頼れる先輩達,res026_no020,2022-10-12 15:00,perm,,
FALSE,,,,,神代類,wxs,522,5220,16,4,cool,none,11,たいしたことじゃない話,夕風に吹かれて,res016_no020,2022-10-21 12:00,perm,,
FALSE,,,,,天馬司,wxs,523,5230,13,4,cool,none,10,メモに見る個性？,刺激を受けて,res013_no019,2022-10-21 12:00,perm,,
FALSE,,,,,草薙寧々,wxs,524,5240,15,4,cool,none,7,初めての差し入れ,幼馴染みのまなざし,res015_no018,2022-10-21 12:00,perm,,
FALSE,,,,,初音ミク,vs,525,5250,21,3,cool,theme_park,9,みんなでショーができるように,しょぼぼぼ～ん,res021_no029,2022-10-21 15:00,perm,,
FALSE,,,,,鳳えむ,wxs,526,5260,14,2,pure,none,2,最後を迎えて,レッツ・エチュード♪,res014_no021,2022-10-21 15:00,perm,,
FALSE,,,,,望月穂波,ln,527,5270,3,birthday,pure,none,14,抱えきれないプレゼント,Happy Birthday！！2022,res003_no023,2022-10-27 0:00,bday,,
FALSE,,,,,小豆沢こはね,vbs,528,5280,9,4,mysterious,none,10,追いかけっこの裏側で,私が守るから,res009_no021,2022-10-31 12:00,lim,,
FALSE,,,,,日野森志歩,ln,529,5290,4,4,mysterious,none,7,後夜祭ライブ！,文化祭で縮まる距離,res004_no021,2022-10-31 12:00,lim,,
FALSE,,,,,花里みのり,mmj,530,5300,5,4,mysterious,none,4,ニャンだふるな応援♪,首がちぎれちゃいそう！,res005_no019,2022-10-31 12:00,lim,,
FALSE,,,,,桐谷遥,mmj,531,5310,6,3,happy,none,3,親友との帰り道,キラキラの洪水！？,res006_no021,2022-10-31 15:00,perm,,
FALSE,,,,,鏡音リン,vs,532,5320,22,2,cute,street,5,わたし達の文化祭？,レッツ・エンジョイ文化祭♪,res022_no021,2022-10-31 15:00,perm,,
FALSE,,,,,MEIKO,vs,533,5330,25,birthday,mysterious,none,14,楽しい日々をこれからも,Happy Anniversary！！2022,res025_no021,2022-11-05 0:00,bday,,
FALSE,,,,,東雲彰人,vbs,534,5340,11,birthday,pure,none,14,騒がしくも楽しい１日,Happy Birthday！！2022,res011_no021,2022-11-12 0:00,bday,,
FALSE,,,,,星乃一歌,ln,535,5350,1,4,happy,none,4,感謝のガーベラ,繋がる音色,res001_no020,2022-11-11 12:00,perm,,
FALSE,,,,,望月穂波,ln,536,5360,3,4,happy,none,10,自分じゃない誰かのために,思いやりも添えて,res003_no024,2022-11-11 12:00,perm,,
FALSE,,,,,初音ミク,vs,537,5370,21,4,happy,light_sound,7,この歌が届きますように,重なる歌声,res021_no030,2022-11-11 12:00,perm,,
FALSE,,,,,天馬咲希,ln,538,5380,2,3,pure,none,3,撮影前夜,優しさに背中を預けて,res002_no021,2022-11-11 15:00,perm,,
FALSE,,,,,KAITO,vs,539,5390,26,2,mysterious,light_sound,5,MVもしも談義,演奏であと押し,res026_no021,2022-11-11 15:00,perm,,
FALSE,,,,,東雲絵名,niigo,540,5400,19,4,mysterious,none,10,あの言葉の真意,描きたくなった表情,res019_no022,2022-11-20 12:00,perm,,
FALSE,,,,,宵崎奏,niigo,541,5410,17,4,mysterious,none,4,昔と今の違いは……,この街一番の専門店で,res017_no022,2022-11-20 12:00,perm,,
FALSE,,,,,朝比奈まふゆ,niigo,542,5420,18,4,mysterious,none,7,あと少し、こうしていたくて……,何かが違う食卓,res018_no021,2022-11-20 12:00,perm,,
FALSE,,,,,暁山瑞希,niigo,543,5430,20,3,happy,none,3,枕変わると寝られないタイプです,弟くんにも聞いちゃおー！,res020_no021,2022-11-20 15:00,perm,,
FALSE,,,,,鏡音レン,vs,544,5440,23,2,pure,school_refusal,5,密かな見守り,それぞれの関わりかた,res023_no021,2022-11-20 15:00,perm,,
FALSE,,,,,桐谷遥,mmj,545,5450,6,4,pure,none,7,あの日の私、追いかけて,世界一の笑顔,res006_no022,2022-11-30 12:00,lim,,
FALSE,,,,,桃井愛莉,mmj,546,5460,7,4,pure,none,10,ありのままを届けたい！,届けられたたくさんの気持ち,res007_no020,2022-11-30 12:00,lim,,
FALSE,,,,,MEIKO,vs,547,5470,25,4,pure,idol,16,大切だから想うこと,ファンのひとりとして,res025_no022,2022-11-30 12:00,lim,,
FALSE,,,,,花里みのり,mmj,548,5480,5,3,happy,none,3,来たるべき日に備えて……！,深夜のMC特訓,res005_no020,2022-11-30 15:00,perm,,
FALSE,,,,,日野森雫,mmj,549,5490,8,2,cool,none,5,じっと見つめたい情熱,この先を見据えて,res008_no021,2022-11-30 15:00,perm,,
FALSE,,,,,日野森雫,mmj,550,5500,8,birthday,cute,none,14,主催はしぃちゃん♪,Happy Birthday！！2022,res008_no022,2022-12-06 0:00,bday,,
FALSE,,,,,東雲彰人,vbs,551,5510,11,4,happy,none,10,見てるヤツは見てる,かけてくれた言葉の理由,res011_no022,2022-12-11 12:00,perm,,
FALSE,,,,,青柳冬弥,vbs,552,5520,12,4,happy,none,7,またひとつ思い出を胸に,青柳家のクリスマスパーティー,res012_no021,2022-12-11 12:00,perm,,
FALSE,,,,,巡音ルカ,vs,553,5530,24,4,happy,street,4,思う存分のクリスマスを♪,大急ぎで仲間の元へ！,res024_no023,2022-12-11 12:00,perm,,
FALSE,,,,,小豆沢こはね,vbs,554,5540,9,3,cute,none,9,帰り道の語らい,クリスマスまで秒読み！,res009_no022,2022-12-11 15:00,perm,,
FALSE,,,,,白石杏,vbs,555,5550,10,2,mysterious,none,2,WEEKEND GARAGEのクリスマス,限定メニューアンケート！,res010_no020,2022-12-11 15:00,perm,,
FALSE,,,,,日野森雫,mmj,556,5560,8,4,cute,none,7,増えた雪ウサギの謎！？,千射万箭の気持ちで,res008_no023,2022-12-21 12:00,perm,,
FALSE,,,,,朝比奈まふゆ,niigo,557,5570,18,4,cute,none,11,静かに育まれるもの,君だけが知る静寂,res018_no022,2022-12-21 12:00,perm,,
FALSE,,,,,KAITO,vs,558,5580,26,4,cute,idol,10,挑戦！衣装アレンジデザイン,どんなアレンジがいいかな？,res026_no022,2022-12-21 12:00,perm,,
FALSE,,,,,桃井愛莉,mmj,559,5590,7,3,mysterious,none,6,みんなで茶道体験会♪,はじめての茶道,res007_no021,2022-12-21 15:00,perm,,
FALSE,,,,,日野森志歩,ln,560,5600,4,2,pure,none,2,雪ウサギの正体,Leo/needで雪遊び,res004_no022,2022-12-21 15:00,perm,,
FALSE,,,,,鏡音リン,vs,561,5610,22,birthday,pure,none,14,いつだってみんなに元気を！,Happy Anniversary！！2022,res022_no022,2022-12-27 0:00,bday,,
FALSE,,,,,鏡音レン,vs,562,5620,23,birthday,happy,none,14,『楽しい』の仕掛人！,Happy Anniversary！！2022,res023_no022,2022-12-27 0:00,bday,,
FALSE,,,,,東雲絵名,niigo,563,5630,19,4,cute,none,13,再び息を吹き込んで,リグレットルパンティール,res019_no023,2022-12-31 12:00,fes,,
FALSE,,,,,暁山瑞希,niigo,564,5640,20,4,happy,none,12,楽園と引き換えに得るものは,ソリトゥスユートピア,res020_no022,2022-12-31 12:00,fes,,
FALSE,,,,,天馬司,wxs,565,5650,13,4,mysterious,none,4,いざ、成長！,謹賀新年の男,res013_no020,2022-12-31 12:00,lim,,
FALSE,,,,,白石杏,vbs,566,5660,10,4,mysterious,none,7,楽しむための下準備！,ゲレンデを照らすほどの,res010_no021,2022-12-31 12:00,lim,,
FALSE,,,,,鏡音リン,vs,567,5670,22,4,mysterious,theme_park,18,新しいお友達,獅子舞ロボと鬼ごっこ,res022_no023,2022-12-31 12:00,lim,,
FALSE,,,,,草薙寧々,wxs,568,5680,15,3,cute,none,9,大切な今年の目標,ドライブGO！GO！,res015_no019,2022-12-31 15:00,perm,,
FALSE,,,,,東雲彰人,vbs,569,5690,11,2,pure,none,5,もしも次があるのなら,道中も大切な過程,res011_no023,2022-12-31 15:00,perm,,
FALSE,,,,,日野森志歩,ln,570,5700,4,birthday,cool,none,14,サプライズの行方は,Happy Birthday！！2023,res004_no023,2023-01-08 0:00,bday,,
FALSE,,,,,鳳えむ,wxs,571,5710,14,4,mysterious,none,7,ハッピーエンドを迎えるために,瞳に映る輝き,res014_no022,2023-01-10 12:00,perm,,
FALSE,,,,,神代類,wxs,572,5720,16,4,mysterious,none,4,心強い味方,負けるわけにはいかないね,res016_no021,2023-01-10 12:00,perm,,
FALSE,,,,,鏡音レン,vs,573,5730,23,4,mysterious,theme_park,7,キミを元気にするために,楽しいがいっぱいの宝箱,res023_no023,2023-01-10 12:00,perm,,
FALSE,,,,,天馬司,wxs,574,5740,13,3,pure,none,9,学びのワークショップ,ネバーギブアップ,res013_no021,2023-01-10 15:00,perm,,
FALSE,,,,,草薙寧々,wxs,575,5750,15,2,happy,none,2,コミュニケーションのハードル,自分で得られる学びを,res015_no020,2023-01-10 15:00,perm,,
FALSE,,,,,望月穂波,ln,576,5760,3,4,cute,none,4,甘えんぼサンドイッチ,勇気のあとに,res003_no025,2023-01-21 12:00,perm,,
FALSE,,,,,天馬咲希,ln,577,5770,2,4,cute,none,10,学校あるある？,うとうとアートクラス,res002_no022,2023-01-21 12:00,perm,,
FALSE,,,,,日野森志歩,ln,578,5780,4,4,cute,none,11,優しさと強さと,大事な準備,res004_no024,2023-01-21 12:00,perm,,
FALSE,,,,,初音ミク,vs,579,5790,21,3,cool,light_sound,6,だって最高だから！,先輩の視線,res021_no031,2023-01-21 15:00,perm,,
FALSE,,,,,星乃一歌,ln,580,5800,1,2,mysterious,none,8,花咲く笑顔,どきどきお礼メッセージ,res001_no021,2023-01-21 15:00,perm,,
FALSE,,,,,朝比奈まふゆ,niigo,581,5810,18,birthday,happy,none,14,穏やかに流れる時間,Happy Birthday！！2023,res018_no023,2023-01-27 0:00,bday,,
FALSE,,,,,巡音ルカ,vs,582,5820,24,birthday,cute,none,14,いつもと違う私の姿を,Happy Anniversary！！2023,res024_no024,2023-01-30 0:00,bday,,
FALSE,,,,,星乃一歌,ln,583,5830,1,4,cool,none,10,ドキ・ソワ・バレンタイン,薄闇の中の温もり,res001_no022,2023-01-31 12:00,lim,,
FALSE,,,,,草薙寧々,wxs,584,5840,15,4,cool,none,4,喜んでくれるかな……？,相手をイメージして,res015_no021,2023-01-31 12:00,lim,,
FALSE,,,,,宵崎奏,niigo,585,5850,17,4,cool,none,7,その心を照らすのは,届けたいみんなのために,res017_no023,2023-01-31 12:00,lim,,
FALSE,,,,,望月穂波,ln,586,5860,3,3,mysterious,none,6,みんなの真心のために,微笑みの先に,res003_no026,2023-01-31 15:00,perm,,
FALSE,,,,,鏡音レン,vs,587,5870,23,2,cute,school_refusal,8,一緒に選んだ香り,形にして、贈りたい想い,res023_no024,2023-01-31 15:00,perm,,
FALSE,,,,,宵崎奏,niigo,588,5880,17,birthday,pure,none,14,スポジョイパーク・リターンズ！,Happy Birthday！！2023,res017_no024,2023-02-10 0:00,bday,,
FALSE,,,,,日野森雫,mmj,589,5890,8,4,happy,none,4,自分の言葉で届けた想い,不甲斐ない私からの卒業,res008_no024,2023-02-10 12:00,perm,,
FALSE,,,,,花里みのり,mmj,590,5900,5,4,happy,none,10,楽屋のすごしかた講座,もぐもぐTime！,res005_no021,2023-02-10 12:00,perm,,
FALSE,,,,,桃井愛莉,mmj,591,5910,7,4,happy,none,7,変わらぬ憧れ,無理はしないで,res007_no022,2023-02-10 12:00,perm,,
FALSE,,,,,桐谷遥,mmj,592,5920,6,3,pure,none,9,初めて話したあの日から,帰ってきたこの場所,res006_no023,2023-02-10 15:00,perm,,
FALSE,,,,,MEIKO,vs,593,5930,25,2,cute,idol,2,これからのあの子達のために,もっともっと支えるために,res025_no023,2023-02-10 15:00,perm,,
FALSE,,,,,KAITO,vs,594,5940,26,birthday,cool,none,14,支えてくれる存在,Happy Anniversary！！2023,res026_no023,2023-02-17 0:00,bday,,
FALSE,,,,,小豆沢こはね,vbs,595,5950,9,4,happy,none,4,大切な瞬間も、何気ない瞬間も,最高潮のあと,res009_no023,2023-02-19 12:00,perm,,
FALSE,,,,,白石杏,vbs,596,5960,10,4,happy,none,7,君と並んで歩いていたい,見上げた先の景色,res010_no022,2023-02-19 12:00,perm,,
FALSE,,,,,東雲彰人,vbs,597,5970,11,4,happy,none,7,おいしい提案,作戦会議とチーズケーキ,res011_no024,2023-02-19 12:00,perm,,
FALSE,,,,,青柳冬弥,vbs,598,5980,12,3,cool,none,9,念願の新刊！,パーフェクト・ライブラリアン,res012_no022,2023-02-19 15:00,perm,,
FALSE,,,,,巡音ルカ,vs,599,5990,24,2,cool,street,2,みんなの歌、私に聴かせて！,ラフに、だけど豊かに響いて,res024_no025,2023-02-19 15:00,perm,,
FALSE,,,,,青柳冬弥,vbs,600,6000,12,4,mysterious,none,7,胸に広がるぬくもり,変わらないあたたかさの中で,res012_no023,2023-02-28 12:00,lim,,
FALSE,,,,,神代類,wxs,601,6010,16,4,mysterious,none,10,プレゼントには想いを込めて,唐突な試練,res016_no022,2023-02-28 12:00,lim,,
FALSE,,,,,KAITO,vs,602,6020,26,4,mysterious,street,17,そっと後押し、隠し味,ふんわり感は混ぜかたにあり！,res026_no024,2023-02-28 12:00,lim,,
FALSE,,,,,初音ミク,vs,603,6030,21,3,happy,street,9,ハラハラクッキング！？,料理は得意？,res021_no032,2023-02-28 15:00,perm,,
FALSE,,,,,天馬咲希,ln,604,6040,2,2,happy,none,5,天馬家特製ビーフシチュー！,じっくりゆっくり、心を込めて,res002_no023,2023-02-28 15:00,perm,,
FALSE,,,,,小豆沢こはね,vbs,605,6050,9,birthday,mysterious,none,14,夢みたいな祝福,Happy Birthday！！2023,res009_no024,2023-03-02 0:00,bday,,
FALSE,,,,,天馬司,wxs,606,6060,13,4,cute,none,4,見据えろ、たとえ眩くとも,滲む瞳に、不死鳥,res013_no022,2023-03-11 12:00,perm,,
FALSE,,,,,鳳えむ,wxs,607,6070,14,4,cute,none,7,役作りの猛特訓！,ぐわぐわ☆アヒルチャレンジ！,res014_no023,2023-03-11 12:00,perm,,
FALSE,,,,,草薙寧々,wxs,608,6080,15,4,cute,none,10,それでも、まだ……,思い知らされた差,res015_no022,2023-03-11 12:00,perm,,
FALSE,,,,,神代類,wxs,609,6090,16,3,pure,none,9,もはや、ただのトリではない,秘密兵器！フェニックスロボ,res016_no023,2023-03-11 15:00,perm,,
FALSE,,,,,MEIKO,vs,610,6100,25,2,mysterious,theme_park,2,マラソンinワンダーランド,優しさこそが力の源,res025_no024,2023-03-11 15:00,perm,,
FALSE,,,,,桃井愛莉,mmj,611,6110,7,birthday,happy,none,14,届いた声、届けられた想い,Happy Birthday！！2023,res007_no023,2023-03-19 0:00,bday,,
FALSE,,,,,宵崎奏,niigo,612,6120,17,4,pure,none,11,そばで、このあたたかさを,灯る、決意,res017_no025,2023-03-21 12:00,perm,,
FALSE,,,,,東雲絵名,niigo,613,6130,19,4,pure,none,7,ひとりより、ふたりで,せめて、穏やかな時間を,res019_no024,2023-03-21 12:00,perm,,
FALSE,,,,,暁山瑞希,niigo,614,6140,20,4,pure,none,10,あの日のように、また４人で,気晴らしショッピング,res020_no023,2023-03-21 12:00,perm,,
FALSE,,,,,KAITO,vs,615,6150,26,3,cute,school_refusal,6,呼ばれた理由,激情の顕現,res026_no025,2023-03-21 15:00,perm,,
FALSE,,,,,朝比奈まふゆ,niigo,616,6160,18,2,mysterious,none,8,脳裏をよぎる場所は……,止められない想い,res018_no024,2023-03-21 15:00,perm,,
FALSE,,,,,鏡音リン,vs,617,6170,22,4,cool,none,12,セカイが結んだ出会い,仲直りのかけ橋,res022_no024,2023-03-30 12:00,fes,,
FALSE,,,,,鏡音レン,vs,618,6180,23,4,cute,none,13,勇気のプレゼント,キミのためのエール,res023_no025,2023-03-30 12:00,fes,,
FALSE,,,,,日野森志歩,ln,619,6190,4,4,happy,none,4,刻むビート、弾むグルーヴ,音と音を合わせて,res004_no025,2023-03-30 12:00,lim,,
FALSE,,,,,白石杏,vbs,620,6200,10,4,happy,none,4,今はただ、歌うだけ,おつかい中の出会い,res010_no023,2023-03-30 12:00,lim,,
FALSE,,,,,東雲絵名,niigo,621,6210,19,4,happy,none,7,少しずつでも、前へ,感じたものを絵に,res019_no025,2023-03-30 12:00,lim,,
FALSE,,,,,初音ミク,vs,622,6220,21,4,happy,light_sound,15,もっと、みんなの力になりたくて,初めてのストリート！,res021_no033,2023-03-30 12:00,lim,,
FALSE,,,,,草薙寧々,wxs,623,6230,15,3,pure,none,9,キラキラぐいぐいのワケ,カナリアに近づくために,res015_no023,2023-03-30 15:00,perm,,
FALSE,,,,,天馬咲希,ln,624,6240,2,4,pure,none,11,進んでいくという決意,すべて受け止める覚悟を,res002_no024,2023-04-11 12:00,perm,,
FALSE,,,,,望月穂波,ln,625,6250,3,4,pure,none,7,伝えるのは感謝の気持ち,この想いさえ乗り越えて,res003_no027,2023-04-11 12:00,perm,,
FALSE,,,,,MEIKO,vs,626,6260,25,4,pure,light_sound,4,見守るビートは強く、優しく,頼もしい温もり,res025_no025,2023-04-11 12:00,perm,,
FALSE,,,,,星乃一歌,ln,627,6270,1,3,cool,none,9,絆で紡いだストリング,待望のメッセージ,res001_no023,2023-04-11 15:00,perm,,
FALSE,,,,,日野森志歩,ln,628,6280,4,2,cute,none,5,最高の音を、仲間と共に,テクニカルエキスパート,res004_no026,2023-04-11 15:00,perm,,
FALSE,,,,,花里みのり,mmj,629,6290,5,birthday,pure,none,14,みのりマスター決定戦！？,Happy Birthday！！2023,res005_no022,2023-04-14 0:00,bday,,
FALSE,,,,,桃井愛莉,mmj,630,6300,7,4,cute,none,4,変わらぬ想いで交わす約束,離れていく距離,res007_no024,2023-04-21 12:00,perm,,
FALSE,,,,,桐谷遥,mmj,631,6310,6,4,cute,none,10,なんでもない日々を大切に,変わるかもしれない日常,res006_no024,2023-04-21 12:00,perm,,
FALSE,,,,,日野森雫,mmj,632,6320,8,4,cute,none,10,楽しい時間もわけ合いたいから,元気いっぱい地方ロケ！,res008_no025,2023-04-21 12:00,perm,,
FALSE,,,,,KAITO,vs,633,6330,26,3,happy,idol,6,優しい君にエールを,消えない想いを信じて,res026_no026,2023-04-21 15:00,perm,,
FALSE,,,,,花里みのり,mmj,634,6340,5,2,happy,none,5,みんなの鞄の中身大公開！,友情にほぐされて,res005_no023,2023-04-21 15:00,perm,,
FALSE,,,,,東雲絵名,niigo,635,6350,19,birthday,cool,none,14,いざ！バースデー・映えツアー！,Happy Birthday！！2023,res019_no027,2023-04-30 0:00,bday,,
FALSE,,,,,暁山瑞希,niigo,636,6360,20,4,cool,none,4,今日の笑顔は誰のため,ボクだから言えること,res020_no024,2023-04-30 12:00,lim,,
FALSE,,,,,朝比奈まふゆ,niigo,637,6370,18,4,cool,none,10,夜深く、だけどひとりで,絶たれていく道,res018_no025,2023-04-30 12:00,lim,,
FALSE,,,,,巡音ルカ,vs,638,6380,24,4,cool,school_refusal,19,心を揺らす囁き,考えかたを変えて,res024_no026,2023-04-30 12:00,lim,,
FALSE,,,,,鏡音レン,vs,639,6390,23,3,pure,school_refusal,9,結んだ想い,リボンに込めた思いやり,res023_no026,2023-04-30 15:00,perm,,
FALSE,,,,,東雲絵名,niigo,640,6400,19,2,cool,none,5,ないしょスイーツの恩返し,もどかしさと後悔と、感謝,res019_no026,2023-04-30 15:00,perm,,
FALSE,,,,,天馬咲希,ln,641,6410,2,birthday,happy,none,14,秘密のハッピーチョコレートケーキ♪,Happy Birthday！！2023,res002_no025,2023-05-09 0:00,bday,,
FALSE,,,,,桐谷遥,mmj,642,6420,6,4,mysterious,none,4,名前で呼び合う間柄,思い出はドーナツとともに,res006_no025,2023-05-11 12:00,perm,,
FALSE,,,,,星乃一歌,ln,643,6430,1,4,mysterious,none,10,差し伸べた手に迷いはなく,水上の逃避行,res001_no024,2023-05-11 12:00,perm,,
FALSE,,,,,初音ミク,vs,644,6440,21,4,mysterious,idol,10,カレー、カステラ、それから……,横浜ガイドはグルメの予感♪,res021_no034,2023-05-11 12:00,perm,,
FALSE,,,,,天馬咲希,ln,645,6450,2,3,cute,none,6,お忍び変装大☆作☆戦！,気分はお忍びアイドル？,res002_no026,2023-05-11 15:00,perm,,
FALSE,,,,,草薙寧々,wxs,646,6460,15,2,pure,none,5,おそろいの青い小鳥,離れていても、そっと背中を,res015_no024,2023-05-11 15:00,perm,,
FALSE,,,,,天馬司,wxs,647,6470,13,birthday,cute,none,14,開演！天馬司誕生祭！,Happy Birthday！！2023,res013_no023,2023-05-17 0:00,bday,,
FALSE,,,,,草薙寧々,wxs,648,6480,15,4,pure,none,10,応援を力に変えて,足りてないわたしだから,res015_no025,2023-05-20 12:00,perm,,
FALSE,,,,,神代類,wxs,649,6490,16,4,pure,none,11,後悔するより、できることを,いつだって相談にのるよ,res016_no024,2023-05-20 12:00,perm,,
FALSE,,,,,KAITO,vs,650,6500,26,4,pure,theme_park,7,お祝いはスペシャルショーで,応援の力を信じて,res026_no027,2023-05-20 12:00,perm,,
FALSE,,,,,鳳えむ,wxs,651,6510,14,3,pure,none,3,とっておきの武器,夢のあとで,res014_no024,2023-05-20 15:00,perm,,
FALSE,,,,,天馬司,wxs,652,6520,13,2,mysterious,none,5,決戦！フェニックスロボ,確かな一歩を重ねて,res013_no024,2023-05-20 15:00,perm,,
FALSE,,,,,青柳冬弥,vbs,653,6530,12,birthday,happy,none,14,白熱！ゲーセン対決リターンズ！？,Happy Birthday！！2023,res012_no024,2023-05-25 0:00,bday,,
FALSE,,,,,望月穂波,ln,654,6540,3,4,pure,none,10,張り切る理由はふたりの秘密,感謝と祝福の鐘の下で,res003_no028,2023-05-31 12:00,lim,,
FALSE,,,,,鳳えむ,wxs,655,6550,14,4,pure,none,4,特別ショーは大成功♪,オオトリ伯爵参上！,res014_no025,2023-05-31 12:00,lim,,
FALSE,,,,,宵崎奏,niigo,656,6560,17,4,pure,none,7,ひとりじゃない食卓,あたたかさをくれる人,res017_no026,2023-05-31 12:00,lim,,
FALSE,,,,,鏡音リン,vs,657,6570,22,3,mysterious,light_sound,3,仲良しの誓い！,作戦成功・ハイタッチ！,res022_no025,2023-05-31 15:00,perm,,
FALSE,,,,,暁山瑞希,niigo,658,6580,20,2,cute,none,8,ターゲット確認！　出動！,噂の彼女に思いを馳せて,res020_no025,2023-05-31 15:00,perm,,
FALSE,,,,,白石杏,vbs,659,6590,10,4,cute,none,4,その涙は花となり,あふれ出す想いと,res010_no024,2023-06-10 12:00,perm,,
FALSE,,,,,青柳冬弥,vbs,660,6600,12,4,cute,none,10,寂しさの正体,彼我の差を知るために,res012_no025,2023-06-10 12:00,perm,,
FALSE,,,,,鏡音リン,vs,661,6610,22,4,cute,street,4,一部始終の裏側で,リンちゃん達にお任せあれ！,res022_no026,2023-06-10 12:00,perm,,
FALSE,,,,,東雲彰人,vbs,662,6620,11,3,mysterious,none,9,今は羽を休めて,見えなくなった活路,res011_no025,2023-06-10 15:00,perm,,
FALSE,,,,,小豆沢こはね,vbs,663,6630,9,2,pure,none,5,いつもとは違う朝,最後の練習,res009_no025,2023-06-10 15:00,perm,,
FALSE,,,,,花里みのり,mmj,664,6640,5,4,cool,none,11,初めて会話したあの日,一生の宝物だよ！,res005_no024,2023-06-20 12:00,perm,,
FALSE,,,,,桃井愛莉,mmj,665,6650,7,4,cool,none,7,夢を追う者同士,よりよい配信のために,res007_no025,2023-06-20 12:00,perm,,
FALSE,,,,,鏡音レン,vs,666,6660,23,4,cool,idol,4,まっすぐな応え,僕達だから言えること,res023_no027,2023-06-20 12:00,perm,,
FALSE,,,,,日野森雫,mmj,667,6670,8,3,pure,none,6,クラスメイトとの距離,お昼の勉強会,res008_no026,2023-06-20 15:00,perm,,
FALSE,,,,,桐谷遥,mmj,668,6680,6,2,cool,none,8,選択の結果がくれたもの,サプライズの裏側,res006_no026,2023-06-20 15:00,perm,,
FALSE,,,,,神代類,wxs,669,6690,16,birthday,cool,none,14,サプライズの贈り合い,Happy Birthday！！2023,res016_no025,2023-06-24 0:00,bday,,
FALSE,,,,,小豆沢こはね,vbs,670,6700,9,4,cool,none,12,歌は私,足跡のカレイドスコープ,res009_no026,2023-06-30 12:00,fes,,
FALSE,,,,,東雲彰人,vbs,671,6710,11,4,cute,none,13,決して失えないもの,渇きのワンダラー,res011_no026,2023-06-30 12:00,fes,,
FALSE,,,,,神代類,wxs,672,6720,16,4,happy,none,10,思い出を詰めこめるように,心に、１枚の,res016_no026,2023-06-30 12:00,lim,,
FALSE,,,,,日野森雫,mmj,673,6730,8,4,happy,none,7,たくさんの思い出とお土産を手に,季節外れの細雪,res008_no027,2023-06-30 12:00,lim,,
FALSE,,,,,天馬司,wxs,674,6740,13,4,happy,none,10,スターな工芸品？,勝敗決す！,res013_no025,2023-06-30 12:00,lim,,
FALSE,,,,,朝比奈まふゆ,niigo,675,6750,18,3,cool,none,3,離れていても、想いはそばに,憩いの時間,res018_no026,2023-06-30 15:00,perm,,
FALSE,,,,,桃井愛莉,mmj,676,6760,7,2,pure,none,5,お土産話をするまでが旅,わたしだって楽しみなんだから,res007_no026,2023-06-30 15:00,perm,,
FALSE,,,,,朝比奈まふゆ,niigo,677,6770,18,4,mysterious,none,4,決意の帰路,本当の想いを,res018_no027,2023-07-11 12:00,perm,,
FALSE,,,,,宵崎奏,niigo,678,6780,17,4,mysterious,none,10,待つことのもどかしさ,震える背に優しさを,res017_no027,2023-07-11 12:00,perm,,
FALSE,,,,,東雲絵名,niigo,679,6790,19,4,mysterious,none,7,途切れた連絡,見えない影,res019_no028,2023-07-11 12:00,perm,,
FALSE,,,,,暁山瑞希,niigo,680,6800,20,3,pure,none,3,逃げ場を案じて,待ち望んだ通知,res020_no026,2023-07-11 15:00,perm,,
FALSE,,,,,巡音ルカ,vs,681,6810,24,2,happy,school_refusal,5,かろうじて届いた願い,高まる危惧,res024_no027,2023-07-11 15:00,perm,,
FALSE,,,,,草薙寧々,wxs,682,6820,15,birthday,mysterious,none,14,友達に囲まれた誕生日,Happy Birthday！！2023,res015_no026,2023-07-20 0:00,bday,,
FALSE,,,,,星乃一歌,ln,683,6830,1,4,cool,none,7,何度でも星を,胸に秘めた誓い,res001_no025,2023-07-21 12:00,perm,,
FALSE,,,,,日野森志歩,ln,684,6840,4,4,cool,none,10,晴天祈願！,今日は特別だから,res004_no027,2023-07-21 12:00,perm,,
FALSE,,,,,KAITO,vs,685,6850,26,4,cool,light_sound,11,想いを託して,見守ってきた軌跡,res026_no028,2023-07-21 12:00,perm,,
FALSE,,,,,望月穂波,ln,686,6860,3,3,happy,none,3,一緒にお買い物！,応援してくれるみんなと,res003_no029,2023-07-21 15:00,perm,,
FALSE,,,,,天馬咲希,ln,687,6870,2,2,cute,none,8,楽しい我が家のお夕飯！,みんな集まれ～！感謝ライブ！,res002_no027,2023-07-21 15:00,perm,,
FALSE,,,,,白石杏,vbs,688,6880,10,birthday,cool,none,14,親友からのメッセージ,Happy Birthday！！2023,res010_no025,2023-07-26 0:00,bday,,
FALSE,,,,,桃井愛莉,mmj,689,6890,7,4,mysterious,none,10,ふたりきりのお買い物♪,魅惑のハッピーペロリ！,res007_no027,2023-07-31 12:00,lim,,
FALSE,,,,,天馬咲希,ln,690,6900,2,4,mysterious,none,10,みんなで上映会！,パーテーションの陰から,res002_no028,2023-07-31 12:00,lim,,
FALSE,,,,,暁山瑞希,niigo,691,6910,20,4,mysterious,none,7,あの兄にしてこの妹あり？,盛りつけは順調！,res020_no027,2023-07-31 12:00,lim,,
FALSE,,,,,花里みのり,mmj,692,6920,5,3,mysterious,none,3,食レポ自主練習会！？,おいしいの三段活用,res005_no025,2023-07-31 15:00,perm,,
FALSE,,,,,鳳えむ,wxs,693,6930,14,2,cool,none,2,明日の“楽しい”のために,お姉ちゃんと一緒っ☆,res014_no026,2023-07-31 15:00,perm,,
FALSE,,,,,小豆沢こはね,vbs,694,6940,9,4,pure,none,10,シンガーの会話,私の言葉で,res009_no027,2023-08-10 12:00,perm,,
FALSE,,,,,東雲彰人,vbs,695,6950,11,4,pure,none,11,明かされた真意,ザ・コーディネート中！,res011_no027,2023-08-10 12:00,perm,,
FALSE,,,,,青柳冬弥,vbs,696,6960,12,4,pure,none,4,区切りの一杯,久しぶりのお見舞い,res012_no026,2023-08-10 12:00,perm,,
FALSE,,,,,白石杏,vbs,697,6970,10,3,happy,none,6,練習予想大会？,たまにはこんな日も,res010_no026,2023-08-10 15:00,perm,,
FALSE,,,,,初音ミク,vs,698,6980,21,2,mysterious,street,5,この悔しさを預けて,ギラギラしてこそ,res021_no035,2023-08-10 15:00,perm,,
FALSE,,,,,星乃一歌,ln,699,6990,1,birthday,pure,none,14,お誕生日に勉強会！？,Happy Birthday！！2023,res001_no026,2023-08-11 0:00,bday,,
FALSE,,,,,鳳えむ,wxs,700,7000,14,4,happy,none,10,いってらっしゃいといってきます,笑顔の世界へ,res014_no027,2023-08-21 12:00,perm,,
FALSE,,,,,草薙寧々,wxs,701,7010,15,4,happy,none,7,ライバルとして、友として,悲しみも全部,res015_no027,2023-08-21 12:00,perm,,
FALSE,,,,,MEIKO,vs,702,7020,25,4,happy,theme_park,4,きらきらな夢を見守って,幸福の語り手,res025_no026,2023-08-21 12:00,perm,,
FALSE,,,,,神代類,wxs,703,7030,16,3,cool,none,9,よりふさわしい結末を,夜半の葛藤,res016_no027,2023-08-21 15:00,perm,,
FALSE,,,,,天馬司,wxs,704,7040,13,2,cool,none,2,最後の朝,ありがとうの挨拶,res013_no026,2023-08-21 15:00,perm,,
FALSE,,,,,暁山瑞希,niigo,705,7050,20,birthday,cute,none,14,誕生日にしたいこと？,Happy Birthday！！2023,res020_no028,2023-08-27 0:00,bday,,
FALSE,,,,,初音ミク,vs,706,7060,21,birthday,mysterious,none,14,あなたが好きな“ミク”を教えて？,Happy Anniversary！！2023,res021_no036,2023-08-31 0:00,bday,,
FALSE,,,,,初音ミク,vs,707,7070,21,4,cute,theme_park,18,『ミク』のお話,キラキラ笑顔の魔法,res021_no037,2023-08-31 12:00,lim,,
FALSE,,,,,鏡音リン,vs,708,7080,22,4,cute,school_refusal,19,小さな変化？,もうひとりのわたし,res022_no027,2023-08-31 12:00,lim,,
FALSE,,,,,鏡音レン,vs,709,7090,23,4,cute,light_sound,15,プロとして進むみんなのために,想いをこめた演奏で,res023_no028,2023-08-31 12:00,lim,,
FALSE,,,,,巡音ルカ,vs,710,7100,24,4,cute,idol,16,想いは同じだから,輝きを見せるために,res024_no028,2023-08-31 12:00,lim,,
FALSE,,,,,MEIKO,vs,711,7110,25,3,happy,school_refusal,9,寄り添う歌を,ほんの少しだけでも,res025_no027,2023-08-31 15:00,perm,,
FALSE,,,,,KAITO,vs,712,7120,26,2,happy,street,8,忘れないでほしいこと,秘密の思惑,res026_no029,2023-08-31 15:00,perm,,
FALSE,,,,,鳳えむ,wxs,713,7130,14,birthday,pure,none,14,かけがえのない場所,Happy Birthday！！2023,res014_no028,2023-09-09 0:00,bday,,
FALSE,,,,,天馬咲希,ln,714,7140,2,4,happy,none,10,一番叶えたいこと,思い出を抱きしめて,res002_no029,2023-09-11 12:00,perm,,
FALSE,,,,,日野森志歩,ln,715,7150,4,4,happy,none,7,こだわりは細部まで,勝てない眼差し,res004_no028,2023-09-11 12:00,perm,,
FALSE,,,,,桐谷遥,mmj,716,7160,6,4,happy,none,10,これからの約束,必殺！連係プレー,res006_no027,2023-09-11 12:00,perm,,
FALSE,,,,,鳳えむ,wxs,717,7170,14,3,happy,none,6,最強のコラボレーション,あま～い思い出,res014_no029,2023-09-11 15:00,perm,,
FALSE,,,,,桃井愛莉,mmj,718,7180,7,2,cute,none,2,今度はわたしの番！,大切な後輩にた～っくさんの愛を,res007_no028,2023-09-11 15:00,perm,,
FALSE,,,,,白石杏,vbs,719,7190,10,4,cool,none,7,もう我慢できない！,笑顔も花丸！,res010_no027,2023-09-20 12:00,perm,,
FALSE,,,,,神代類,wxs,720,7200,16,4,cool,none,4,内緒の思い出作り,夕暮れの語らい,res016_no028,2023-09-20 12:00,perm,,
FALSE,,,,,暁山瑞希,niigo,721,7210,20,4,cool,none,7,手作りノートのお返しに,ふたりで寄り道,res020_no029,2023-09-20 12:00,perm,,
FALSE,,,,,天馬司,wxs,722,7220,13,3,pure,none,6,心して聞いてくれ,オレに任せろ！,res013_no027,2023-09-20 15:00,perm,,
FALSE,,,,,東雲彰人,vbs,723,7230,11,2,mysterious,none,8,ドーナツ１個分の優しさ,夜ふかしラーニング！,res011_no028,2023-09-20 15:00,perm,,
FALSE,,,,,星乃一歌,ln,724,7240,1,2,cool,none,8,委員会への立候補,Brand New Style,res001_no027,2023-09-30 0:00,perm,,
FALSE,,,,,天馬咲希,ln,725,7250,2,2,cute,none,5,オノマトペ会話？,Brand New Style,res002_no030,2023-09-30 0:00,perm,,
FALSE,,,,,望月穂波,ln,726,7260,3,2,mysterious,none,2,自慢の家族達,Brand New Style,res003_no030,2023-09-30 0:00,perm,,
FALSE,,,,,日野森志歩,ln,727,7270,4,2,happy,none,8,念願の？,Brand New Style,res004_no029,2023-09-30 0:00,perm,,
FALSE,,,,,花里みのり,mmj,728,7280,5,2,happy,none,2,あなたもわたしも有名人,Brand New Style,res005_no026,2023-09-30 0:00,perm,,
FALSE,,,,,桐谷遥,mmj,729,7290,6,2,cute,none,5,初めての招待,Brand New Style,res006_no028,2023-09-30 0:00,perm,,
FALSE,,,,,桃井愛莉,mmj,730,7300,7,2,mysterious,none,5,先輩の背中,Brand New Style,res007_no029,2023-09-30 0:00,perm,,
FALSE,,,,,日野森雫,mmj,731,7310,8,2,pure,none,2,お節介だけれど,Brand New Style,res008_no028,2023-09-30 0:00,perm,,
FALSE,,,,,小豆沢こはね,vbs,732,7320,9,2,happy,none,8,どきどきの顔合わせ,Brand New Style,res009_no028,2023-09-30 0:00,perm,,
FALSE,,,,,白石杏,vbs,733,7330,10,2,cute,none,2,一緒にお昼を,Brand New Style,res010_no028,2023-09-30 0:00,perm,,
FALSE,,,,,東雲彰人,vbs,734,7340,11,2,cool,none,2,変わらなくていいこと,Brand New Style,res011_no029,2023-09-30 0:00,perm,,
FALSE,,,,,青柳冬弥,vbs,735,7350,12,2,mysterious,none,8,新しく生まれるもの,Brand New Style,res012_no027,2023-09-30 0:00,perm,,
FALSE,,,,,天馬司,wxs,736,7360,13,2,pure,none,8,汚名返上の手立て！？,Brand New Style,res013_no028,2023-09-30 0:00,perm,,
FALSE,,,,,鳳えむ,wxs,737,7370,14,2,cool,none,5,にこにこいっぱいクラスを目指して,Brand New Style,res014_no030,2023-09-30 0:00,perm,,
FALSE,,,,,草薙寧々,wxs,738,7380,15,2,cute,none,8,仲良くなれますように,Brand New Style,res015_no028,2023-09-30 0:00,perm,,
FALSE,,,,,神代類,wxs,739,7390,16,2,happy,none,2,委員長の気づかい,Brand New Style,res016_no029,2023-09-30 0:00,perm,,
FALSE,,,,,宵崎奏,niigo,740,7400,17,2,pure,none,8,あたりまえをあたりまえに,Brand New Style,res017_no028,2023-09-30 0:00,perm,,
FALSE,,,,,朝比奈まふゆ,niigo,741,7410,18,2,cool,none,5,つかの間のお昼,Brand New Style,res018_no028,2023-09-30 0:00,perm,,
FALSE,,,,,東雲絵名,niigo,742,7420,19,2,happy,none,2,クラス替えの思い出,Brand New Style,res019_no029,2023-09-30 0:00,perm,,
FALSE,,,,,暁山瑞希,niigo,743,7430,20,2,cute,none,5,友情のキューピッド？,Brand New Style,res020_no030,2023-09-30 0:00,perm,,
FALSE,,,,,初音ミク,vs,744,7440,21,2,pure,none,2,未来の音色は,Origin Style,res021_no038,2023-09-30 0:00,perm,,
FALSE,,,,,鏡音リン,vs,745,7450,22,2,cool,none,2,ギャップでトーク？,Origin Style,res022_no028,2023-09-30 0:00,perm,,
FALSE,,,,,鏡音レン,vs,746,7460,23,2,mysterious,none,2,世界中に届け！,Origin Style,res023_no029,2023-09-30 0:00,perm,,
FALSE,,,,,巡音ルカ,vs,747,7470,24,2,cute,none,8,作り手ごとの私達,Origin Style,res024_no029,2023-09-30 0:00,perm,,
FALSE,,,,,MEIKO,vs,748,7480,25,2,happy,none,8,誇りを胸に,Origin Style,res025_no028,2023-09-30 0:00,perm,,
FALSE,,,,,KAITO,vs,749,7490,26,2,pure,none,2,歓声に幸せを感じて,Origin Style,res026_no030,2023-09-30 0:00,perm,,
FALSE,,,,,初音ミク,vs,750,7500,21,2,cool,light_sound,8,流れ星のような子達だから,Brand New Classroom,res021_no039,2023-09-30 0:00,perm,,
FALSE,,,,,初音ミク,vs,751,7510,21,2,happy,idol,8,ミクの恩返し,Brand New Stage,res021_no040,2023-09-30 0:00,perm,,
FALSE,,,,,初音ミク,vs,752,7520,21,2,cute,street,2,笑って言うために,Brand New Street,res021_no041,2023-09-30 0:00,perm,,
FALSE,,,,,初音ミク,vs,753,7530,21,2,mysterious,theme_park,2,なんでも願いが叶う宝物,Brand New Wonderland,res021_no042,2023-09-30 0:00,perm,,
FALSE,,,,,初音ミク,vs,754,7540,21,2,pure,school_refusal,5,変化を静かに見守って,Brand New Empty,res021_no043,2023-09-30 0:00,perm,,
FALSE,,,,,巡音ルカ,vs,755,7550,24,2,pure,light_sound,2,私達の始業式,Brand New Classroom,res024_no030,2023-09-30 0:00,perm,,
FALSE,,,,,鏡音リン,vs,756,7560,22,2,mysterious,idol,8,特別特訓！,Brand New Stage,res022_no029,2023-09-30 0:00,perm,,
FALSE,,,,,鏡音レン,vs,757,7570,23,2,happy,street,5,Let's ものすごい特訓！？,Brand New Street,res023_no030,2023-09-30 0:00,perm,,
FALSE,,,,,MEIKO,vs,758,7580,25,2,cool,street,2,メイコの悩み？,Brand New Street,res025_no029,2023-09-30 0:00,perm,,
FALSE,,,,,KAITO,vs,759,7590,26,2,happy,theme_park,5,カイトをいたわるの会！？,Brand New Wonderland,res026_no031,2023-09-30 0:00,perm,,
FALSE,,,,,MEIKO,vs,760,7600,25,4,mysterious,none,12,たったひとりの主人公,その名を胸に,res025_no030,2023-09-30 12:00,fes,,
FALSE,,,,,KAITO,vs,761,7610,26,4,cute,none,13,闘う君と歌う僕,焦燥にそそぐ歌,res026_no032,2023-09-30 12:00,fes,,
FALSE,,,,,星乃一歌,ln,762,7620,1,4,cute,none,7,練習の足跡達,新しいことの始まり,res001_no028,2023-09-30 12:00,lim,,
FALSE,,,,,花里みのり,mmj,763,7630,5,4,cute,none,10,同じ学校の生徒として,気になっちゃう背中,res005_no027,2023-09-30 12:00,lim,,
FALSE,,,,,天馬司,wxs,764,7640,13,4,cute,none,7,マイ・ニュー・ランニングシューズ！,まさかのクラスメイト,res013_no029,2023-09-30 12:00,lim,,
FALSE,,,,,宵崎奏,niigo,765,7650,17,4,cute,none,4,元気をくれる歌,始業式は教室で,res017_no029,2023-09-30 12:00,lim,,
FALSE,,,,,小豆沢こはね,vbs,766,7660,9,3,cool,none,6,成長を実感して,新しい朝に向けて,res009_no029,2023-09-30 15:00,perm,,
FALSE,,,,,桐谷遥,mmj,767,7670,6,birthday,happy,none,14,モモジャンプレゼント対決！？,Happy Birthday！！2023,res006_no029,2023-10-05 0:00,bday,,
FALSE,,,,,東雲彰人,vbs,768,7680,11,4,cute,none,4,いつか全部片づいたら,炎の継承,res011_no030,2023-10-12 12:00,perm,,
FALSE,,,,,小豆沢こはね,vbs,769,7690,9,4,cute,none,11,もう少し大人になったら,眠ってしまわないように,res009_no030,2023-10-12 12:00,perm,,
FALSE,,,,,巡音ルカ,vs,770,7700,24,4,cute,street,10,ここは共同戦線で♪,不意の挑発,res024_no031,2023-10-12 12:00,perm,,
FALSE,,,,,青柳冬弥,vbs,771,7710,12,3,cool,none,6,つけられた火の行く先,つかの間の休息,res012_no028,2023-10-12 15:00,perm,,
FALSE,,,,,白石杏,vbs,772,7720,10,2,pure,none,2,白石家へようこそ！,車に乗って！,res010_no029,2023-10-12 15:00,perm,,
FALSE,,,,,日野森志歩,ln,773,7730,4,4,pure,none,7,今よりもうまく,始まりの音,res004_no030,2023-10-22 12:00,perm,,
FALSE,,,,,望月穂波,ln,774,7740,3,4,pure,none,10,自然体でパシャ！,答えを探しながら,res003_no031,2023-10-22 12:00,perm,,
FALSE,,,,,鏡音リン,vs,775,7750,22,4,pure,light_sound,4,リンお姉ちゃんだよ～♪,思い出を聞かせて,res022_no030,2023-10-22 12:00,perm,,
FALSE,,,,,星乃一歌,ln,776,7760,1,3,pure,none,3,変わらない演奏を,いい音を届けるために,res001_no029,2023-10-22 15:00,perm,,
FALSE,,,,,天馬咲希,ln,777,7770,2,2,mysterious,none,8,今が音楽になって,楽しみでいっぱい♪,res002_no031,2023-10-22 15:00,perm,,
FALSE,,,,,望月穂波,ln,778,7780,3,birthday,cool,none,14,ほなちゃん感謝デー,Happy Birthday！！2023,res003_no032,2023-10-27 0:00,bday,,
FALSE,,,,,日野森雫,mmj,779,7790,8,4,cool,none,4,支えてくれたあなたに,夢いざなう、てのひら,res008_no029,2023-10-31 12:00,lim,,
FALSE,,,,,桐谷遥,mmj,780,7800,6,4,cool,none,7,オバケ役指南！,贅沢すぎる夜,res006_no030,2023-10-31 12:00,lim,,
FALSE,,,,,桃井愛莉,mmj,781,7810,7,4,cool,none,10,噛み締める瞬間,スペシャルオフショット！,res007_no030,2023-10-31 12:00,lim,,
FALSE,,,,,鏡音レン,vs,782,7820,23,3,cute,idol,6,温泉まんじゅうのヒミツ,旅先への期待,res023_no031,2023-10-31 15:00,perm,,
FALSE,,,,,花里みのり,mmj,783,7830,5,2,cute,none,8,みんなで作ったモアモアカレー！,先輩達の背中,res005_no028,2023-10-31 15:00,perm,,
FALSE,,,,,MEIKO,vs,784,7840,25,birthday,cool,none,14,主催者はメイコ！？,Happy Anniversary！！2023,res025_no031,2023-11-05 0:00,bday,,
FALSE,,,,,宵崎奏,niigo,785,7850,17,4,pure,none,7,ぎこちない共同生活,あの子に想いを重ねて,res017_no030,2023-11-08 12:00,unit,,
FALSE,,,,,朝比奈まふゆ,niigo,786,7860,18,4,mysterious,none,10,あたたかい食事,拾い上げた“心”,res018_no029,2023-11-08 12:00,unit,,
FALSE,,,,,東雲絵名,niigo,787,7870,19,4,cute,none,4,心に届く１枚を求めて,楽しい午後と見えない未来,res019_no030,2023-11-08 12:00,unit,,
FALSE,,,,,暁山瑞希,niigo,788,7880,20,4,happy,none,10,息抜きしようよ♪,来てくれないとヤダ！,res020_no031,2023-11-08 12:00,unit,,
FALSE,,,,,初音ミク,vs,789,7890,21,2,cool,school_refusal,2,いつでも会いに来て,湖畔にて,res021_no044,2023-11-08 20:00,perm,,
FALSE,,,,,東雲彰人,vbs,790,7900,11,birthday,mysterious,none,14,サプライズ・チーズケーキ,Happy Birthday！！2023,res011_no031,2023-11-12 0:00,bday,,
FALSE,,,,,天馬司,wxs,791,7910,13,4,mysterious,none,7,あの日の記憶に背中を押されて,小さな主役と,res013_no030,2023-11-22 12:00,perm,,
FALSE,,,,,神代類,wxs,792,7920,16,4,mysterious,none,10,プロの情熱,くすぐられる好奇心,res016_no030,2023-11-22 12:00,perm,,
FALSE,,,,,MEIKO,vs,793,7930,25,4,mysterious,theme_park,7,セカイで鍛えたハンドル捌き！,レッツ☆オート三輪,res025_no032,2023-11-22 12:00,perm,,
FALSE,,,,,鳳えむ,wxs,794,7940,14,3,cool,none,3,鳳家の団欒,これであたしもモダンガール♪,res014_no031,2023-11-22 15:00,perm,,
FALSE,,,,,草薙寧々,wxs,795,7950,15,2,happy,none,8,わたしなりのアドバイス,緊張の門出？,res015_no029,2023-11-22 15:00,perm,,
FALSE,,,,,草薙寧々,wxs,796,7960,15,4,pure,none,4,打ち上げをしよう！,最高の映画のために,res015_no030,2023-11-30 12:00,lim,,
FALSE,,,,,東雲彰人,vbs,797,7970,11,4,pure,none,7,このままクランクアップまで,演じ切る覚悟,res011_no032,2023-11-30 12:00,lim,,
FALSE,,,,,鏡音レン,vs,798,7980,23,4,pure,theme_park,18,ヒーローを演じたい！,憧れの主人公,res023_no032,2023-11-30 12:00,lim,,
FALSE,,,,,白石杏,vbs,799,7990,10,3,mysterious,none,9,上映会スタート！,脚本のお手伝い,res010_no030,2023-11-30 15:00,perm,,
FALSE,,,,,青柳冬弥,vbs,800,8000,12,2,cool,none,8,裁縫にチャレンジ！,いざ衣装班へ！,res012_no029,2023-11-30 15:00,perm,,
FALSE,,,,,初音ミク,vs,801,8010,21,4,mysterious,none,4,ハロー！ニューフレンズ♪,feat.ハローキティ,res021_no045,2023-12-05 12:00,lim,,
FALSE,,,,,天馬咲希,ln,802,8020,2,4,cool,none,7,友情の音を響かせて,feat.ポムポムプリン,res002_no032,2023-12-05 12:00,lim,,
FALSE,,,,,桃井愛莉,mmj,803,8030,7,4,pure,none,4,優しくてかわいいお友達♪,feat.マイメロディ,res007_no031,2023-12-05 12:00,lim,,
FALSE,,,,,青柳冬弥,vbs,804,8040,12,4,happy,none,4,仲間がいるからできること,feat.ポチャッコ,res012_no030,2023-12-05 12:00,lim,,
FALSE,,,,,鳳えむ,wxs,805,8050,14,4,cute,none,10,笑顔を届けるドリームショー,feat.シナモロール,res014_no032,2023-12-05 12:00,lim,,
FALSE,,,,,東雲絵名,niigo,806,8060,19,4,cool,none,10,贅沢者の集まり？,feat.クロミ,res019_no031,2023-12-05 12:00,lim,,
FALSE,,,,,星乃一歌,ln,807,8070,1,2,pure,none,2,幼馴染みを大切に,feat.ディアダニエル,res001_no030,2023-12-05 12:00,lim,,
FALSE,,,,,望月穂波,ln,808,8080,3,2,happy,none,8,お菓子作り＆手芸はお任せ,feat.マロンクリーム,res003_no033,2023-12-05 12:00,lim,,
FALSE,,,,,日野森志歩,ln,809,8090,4,2,mysterious,none,8,素敵なスイーツ、召し上がれ,feat.シュガーバニーズ,res004_no031,2023-12-05 12:00,lim,,
FALSE,,,,,花里みのり,mmj,810,8100,5,2,cute,none,5,おいしく食べてね！,feat.KIRIMIちゃん.,res005_no029,2023-12-05 12:00,lim,,
FALSE,,,,,桐谷遥,mmj,811,8110,6,2,cool,none,2,完璧ボディメイク？,feat.タキシードサム,res006_no031,2023-12-05 12:00,lim,,
FALSE,,,,,日野森雫,mmj,812,8120,8,2,happy,none,5,天然さんとおとぼけさん,feat.ウィッシュミーメル,res008_no030,2023-12-05 12:00,lim,,
FALSE,,,,,小豆沢こはね,vbs,813,8130,9,2,pure,none,2,ハムとハム！？,feat.コロコロクリリン,res009_no031,2023-12-05 12:00,lim,,
FALSE,,,,,白石杏,vbs,814,8140,10,2,cool,none,8,イタズラしちゃうよ？,feat.ルロロマニック,res010_no031,2023-12-05 12:00,lim,,
FALSE,,,,,東雲彰人,vbs,815,8150,11,2,cute,none,5,BAD DOG＆BAD BOY,feat.バッドばつ丸,res011_no033,2023-12-05 12:00,lim,,
FALSE,,,,,天馬司,wxs,816,8160,13,2,mysterious,none,8,きょうだい想い,feat.けろけろけろっぴ,res013_no031,2023-12-05 12:00,lim,,
FALSE,,,,,草薙寧々,wxs,817,8170,15,2,cool,none,2,舞台で会いましょ♪,feat.ウサハナ,res015_no031,2023-12-05 12:00,lim,,
FALSE,,,,,神代類,wxs,818,8180,16,2,pure,none,5,笑顔になりたい人はどこかな？,feat.ハンギョドン,res016_no031,2023-12-05 12:00,lim,,
FALSE,,,,,宵崎奏,niigo,819,8190,17,2,cute,none,2,超インドア派,feat.まるもふびより,res017_no031,2023-12-05 12:00,lim,,
FALSE,,,,,朝比奈まふゆ,niigo,820,8200,18,2,happy,none,5,消えてしまわないように,feat.こぎみゅん,res018_no030,2023-12-05 12:00,lim,,
FALSE,,,,,暁山瑞希,niigo,821,8210,20,2,mysterious,none,2,リボンって最高♪,feat.ぼんぼんりぼん,res020_no032,2023-12-05 12:00,lim,,
FALSE,,,,,鏡音リン,vs,822,8220,22,2,happy,none,8,子守唄を一緒に,feat.リトルツインスターズ,res022_no031,2023-12-05 12:00,lim,,
FALSE,,,,,鏡音レン,vs,823,8230,23,2,cool,none,5,いい夢が見られますように,feat.リトルツインスターズ,res023_no033,2023-12-05 12:00,lim,,
FALSE,,,,,巡音ルカ,vs,824,8240,24,2,pure,none,5,一緒に作りましょ？,feat.マイスウィートピアノ,res024_no032,2023-12-05 12:00,lim,,
FALSE,,,,,MEIKO,vs,825,8250,25,2,cute,none,2,寝る子は育つ,feat.ニャニィニュニェニョン,res025_no033,2023-12-05 12:00,lim,,
FALSE,,,,,KAITO,vs,826,8260,26,2,mysterious,none,2,Let's Dance！,feat.あひるのペックル,res026_no033,2023-12-05 12:00,lim,,
FALSE,,,,,日野森雫,mmj,827,8270,8,birthday,mysterious,none,14,“声”で伝わるメッセージ,Happy Birthday！！2023,res008_no031,2023-12-06 0:00,bday,,
FALSE,,,,,花里みのり,mmj,828,8280,5,4,cool,none,4,１日飼育員のお仕事,スカッとササッと,res005_no030,2023-12-10 12:00,perm,,
FALSE,,,,,日野森志歩,ln,829,8290,4,4,cool,none,10,寝る子は守る,ときめきを隠して,res004_no032,2023-12-10 12:00,perm,,
FALSE,,,,,巡音ルカ,vs,830,8300,24,4,cool,idol,11,お忍び動物園,挨拶はアイドルの基本,res024_no033,2023-12-10 12:00,perm,,
FALSE,,,,,星乃一歌,ln,831,8310,1,3,mysterious,none,9,みんな平等に,横取り注意！,res001_no031,2023-12-10 15:00,perm,,
FALSE,,,,,桐谷遥,mmj,832,8320,6,2,pure,none,5,意外にいたずら好き？,サプライズ計画,res006_no032,2023-12-10 15:00,perm,,
FALSE,,,,,宵崎奏,niigo,833,8330,17,4,happy,none,10,魔法の花畑,優しい音色の記憶,res017_no032,2023-12-20 12:00,perm,,
FALSE,,,,,朝比奈まふゆ,niigo,834,8340,18,4,happy,none,7,これでよかったと信じて,こぼれた本音,res018_no031,2023-12-20 12:00,perm,,
FALSE,,,,,KAITO,vs,835,8350,26,4,happy,school_refusal,4,とあるふたりの仲違い？,座視できない想い,res026_no034,2023-12-20 12:00,perm,,
FALSE,,,,,東雲絵名,niigo,836,8360,19,3,cute,none,3,セカイでコーヒーブレイク,憂いの午後,res019_no032,2023-12-20 15:00,perm,,
FALSE,,,,,鏡音リン,vs,837,8370,22,2,mysterious,school_refusal,5,最後まで描けたね,セカイを描いて、彩って,res022_no032,2023-12-20 15:00,perm,,
FALSE,,,,,鏡音リン,vs,838,8380,22,birthday,cute,none,14,いっぱいの『おめでとう！』,Happy Anniversary！！2023,res022_no033,2023-12-27 0:00,bday,,
FALSE,,,,,鏡音レン,vs,839,8390,23,birthday,mysterious,none,14,創意工夫のお祝いを,Happy Anniversary！！2023,res023_no034,2023-12-27 0:00,bday,,
FALSE,,,,,花里みのり,mmj,840,8400,5,4,pure,none,13,夢で終わらせないために,夢は新たな夢を紡ぐ,res005_no031,2023-12-31 12:00,fes,,
FALSE,,,,,日野森雫,mmj,841,8410,8,4,mysterious,none,12,ひと欠片も失くさぬように,忘るまじ昔日の蝶,res008_no032,2023-12-31 12:00,fes,,
FALSE,,,,,暁山瑞希,niigo,842,8420,20,4,mysterious,none,10,ボク達のおまじない,優しさに励まされて,res020_no033,2023-12-31 12:00,lim,,
FALSE,,,,,日野森志歩,ln,843,8430,4,4,mysterious,none,4,新年の決意表明,少しの恥ずかしさと,res004_no033,2023-12-31 12:00,lim,,
FALSE,,,,,MEIKO,vs,844,8440,25,4,mysterious,light_sound,15,ヒミツの特訓？,教えて！志歩先生,res025_no034,2023-12-31 12:00,lim,,
FALSE,,,,,朝比奈まふゆ,niigo,845,8450,18,3,mysterious,none,9,賑やか年越しパーティー,少しだけ、足を伸ばして,res018_no032,2023-12-31 15:00,perm,,
FALSE,,,,,天馬咲希,ln,846,8460,2,2,cool,none,5,元気の無限ループ！！,１年の感謝を込めて,res002_no033,2023-12-31 15:00,perm,,
FALSE,,,,,日野森志歩,ln,847,8470,4,birthday,cute,none,14,やりすぎないといいけど……,Happy Birthday！！2024,res004_no034,2024-01-08 0:00,bday,,
FALSE,,,,,小豆沢こはね,vbs,848,8480,9,4,happy,none,10,この痛みがある限り,ドキドキする未来へ,res009_no032,2024-01-09 12:00,unit,,
FALSE,,,,,白石杏,vbs,849,8490,10,4,pure,none,4,ここで働かせてください！！,辿り着けなかった場所へ,res010_no032,2024-01-09 12:00,unit,,
FALSE,,,,,東雲彰人,vbs,850,8500,11,4,cute,none,10,休憩とコーチング,不屈の決意,res011_no034,2024-01-09 12:00,unit,,
FALSE,,,,,青柳冬弥,vbs,851,8510,12,4,cool,none,7,かつて見たウィーンの街並み,モノクロの彩,res012_no031,2024-01-09 12:00,unit,,
FALSE,,,,,鏡音レン,vs,852,8520,23,2,pure,street,2,セカイでかくれんぼ！,みんなの力になれるように,res023_no035,2024-01-09 20:00,perm,,
FALSE,,,,,MEIKO,vs,853,8530,25,2,mysterious,street,5,いつも頼れるまとめ役,同じ胸の高鳴り,res025_no035,2024-01-09 20:00,perm,,
FALSE,,,,,神代類,wxs,854,8540,16,4,happy,none,7,名誉のエンドロール,漏れ聞こえる言葉,res016_no032,2024-01-23 12:00,perm,,
FALSE,,,,,草薙寧々,wxs,855,8550,15,4,happy,none,10,映画との縁？,準備も慣れたもの,res015_no032,2024-01-23 12:00,perm,,
FALSE,,,,,鏡音リン,vs,856,8560,22,4,happy,theme_park,7,応援の気持ちを伝えに！,スクリーンに照らされて,res022_no034,2024-01-23 12:00,perm,,
FALSE,,,,,天馬司,wxs,857,8570,13,3,cute,none,3,花を愛でるにも一苦労,肉はパワーの源！,res013_no032,2024-01-23 15:00,perm,,
FALSE,,,,,鳳えむ,wxs,858,8580,14,2,cute,none,5,現場での学びを糧に,みんなで映画鑑賞会☆,res014_no033,2024-01-23 15:00,perm,,
FALSE,,,,,朝比奈まふゆ,niigo,859,8590,18,birthday,cute,none,14,いつもとは違う誕生日,Happy Birthday！！2024,res018_no033,2024-01-27 0:00,bday,,
FALSE,,,,,巡音ルカ,vs,860,8600,24,birthday,pure,none,14,歌に乗せた私の想いを,Happy Anniversary！！2024,res024_no034,2024-01-30 0:00,bday,,
FALSE,,,,,小豆沢こはね,vbs,861,8610,9,4,mysterious,none,4,思わぬ鉢合わせ！？,仲間に最高のチョコを,res009_no033,2024-01-31 12:00,lim,,
FALSE,,,,,桐谷遥,mmj,862,8620,6,4,mysterious,none,4,ちょっとした共通点,ビターな色でクールに,res006_no033,2024-01-31 12:00,lim,,
FALSE,,,,,東雲絵名,niigo,863,8630,19,4,mysterious,none,10,写真からの学び,贅沢なメイクアップ,res019_no033,2024-01-31 12:00,lim,,
FALSE,,,,,青柳冬弥,vbs,864,8640,12,3,cute,none,3,友チョコと義理チョコ,モデルへの挑戦！,res012_no032,2024-01-31 20:00,perm,,
FALSE,,,,,巡音ルカ,vs,865,8650,24,2,mysterious,street,5,心をわしづかみにするポージング,セカイでフォトコンテスト！,res024_no035,2024-01-31 20:00,perm,,
FALSE,,,,,宵崎奏,niigo,866,8660,17,birthday,happy,none,14,奏でられた祝福のメロディー,Happy Birthday！！2024,res017_no033,2024-02-10 0:00,bday,,
FALSE,,,,,望月穂波,ln,867,8670,3,4,cool,none,4,特訓の裏で,導く決意,res003_no034,2024-02-10 12:00,perm,,
FALSE,,,,,星乃一歌,ln,868,8680,1,4,cool,none,11,３人の決意,ゆっくりで大丈夫だから,res001_no032,2024-02-10 12:00,perm,,
FALSE,,,,,KAITO,vs,869,8690,26,4,cool,light_sound,7,“たとえ”の天才！？,どっちに賛成！？,res026_no035,2024-02-10 12:00,perm,,
FALSE,,,,,日野森志歩,ln,870,8700,4,3,happy,none,6,ささやかなピクニック,喜ぶ顔を思い浮かべて,res004_no035,2024-02-10 15:00,perm,,
FALSE,,,,,天馬咲希,ln,871,8710,2,2,pure,none,2,あったかもしれない未来,リーダーにしてほしいこと？,res002_no034,2024-02-10 15:00,perm,,
FALSE,,,,,KAITO,vs,872,8720,26,birthday,mysterious,none,14,想いを乗せた歌声で,Happy Anniversary！！2024,res026_no036,2024-02-17 0:00,bday,,
FALSE,,,,,花里みのり,mmj,873,8730,5,4,pure,none,7,お別れじゃないよ！？,胸に刺さる本音,res005_no032,2024-02-20 12:00,perm,,
FALSE,,,,,桐谷遥,mmj,874,8740,6,4,pure,none,11,ボロボロならではの楽しみかた？,驚きの築年数,res006_no034,2024-02-20 12:00,perm,,
FALSE,,,,,初音ミク,vs,875,8750,21,4,pure,idol,10,ドタバタ荷造り見学！,軌跡感じる傷痕,res021_no046,2024-02-20 12:00,perm,,
FALSE,,,,,桃井愛莉,mmj,876,8760,7,3,cool,none,9,『夢を叶えられる人』とは,気配りは笑顔とともに,res007_no032,2024-02-20 15:00,perm,,
FALSE,,,,,日野森雫,mmj,877,8770,8,2,cool,none,2,寂しいのはどっち？,楽しいレイアウト作り,res008_no033,2024-02-20 15:00,perm,,
FALSE,,,,,宵崎奏,niigo,878,8780,17,4,happy,none,7,お茶会がくれたもの,あなたのために１杯を,res017_no034,2024-02-29 12:00,lim,,
FALSE,,,,,星乃一歌,ln,879,8790,1,4,happy,none,10,立役者にお礼を,悩むふたりの前に,res001_no033,2024-02-29 12:00,lim,,
FALSE,,,,,朝比奈まふゆ,niigo,880,8800,18,4,happy,none,4,儚くも、残る想い,うたかたの安らぎ,res018_no034,2024-02-29 12:00,lim,,
FALSE,,,,,花里みのり,mmj,881,8810,5,3,cool,none,9,ホワイトデーのためのエール！,こんなのもあったよ！,res005_no033,2024-02-29 15:00,perm,,
FALSE,,,,,桃井愛莉,mmj,882,8820,7,2,happy,none,2,MORE MORE JUMP！からの贈り物,言葉だけでも伝えて,res007_no033,2024-02-29 15:00,perm,,
FALSE,,,,,小豆沢こはね,vbs,883,8830,9,birthday,cute,none,14,今日は羽を伸ばして,Happy Birthday！！2024,res009_no034,2024-03-02 0:00,bday,,
FALSE,,,,,天馬司,wxs,884,8840,13,4,pure,none,4,いつか必ずあの星に,高みへ手を伸ばして,res013_no033,2024-03-08 12:00,unit,,
FALSE,,,,,鳳えむ,wxs,885,8850,14,4,cool,none,4,目印は真っ赤なおうち？,一緒に考えよう,res014_no034,2024-03-08 12:00,unit,,
FALSE,,,,,草薙寧々,wxs,886,8860,15,4,mysterious,none,7,悔しさも怖さも,憧れに向かって,res015_no033,2024-03-08 12:00,unit,,
FALSE,,,,,神代類,wxs,887,8870,16,4,cute,none,7,新しいセカイ探検隊！,お返しの挨拶,res016_no033,2024-03-08 12:00,unit,,
FALSE,,,,,KAITO,vs,888,8880,26,2,pure,theme_park,5,突然の知らせ,見守ってきた想い,res026_no037,2024-03-08 20:00,perm,,
FALSE,,,,,桃井愛莉,mmj,889,8890,7,birthday,cool,none,14,サプライズ計画はいつから？,Happy Birthday！！2024,res007_no034,2024-03-19 0:00,bday,,
FALSE,,,,,青柳冬弥,vbs,890,8900,12,4,happy,none,11,違う道を歩いていても,枷は、鍵に,res012_no033,2024-03-22 12:00,perm,,
FALSE,,,,,白石杏,vbs,891,8910,10,4,happy,none,10,よろしくね、先生！,夜道を揺られて,res010_no033,2024-03-22 12:00,perm,,
FALSE,,,,,MEIKO,vs,892,8920,25,4,happy,street,10,愛情の裏返し,大事だからこそ,res025_no036,2024-03-22 12:00,perm,,
FALSE,,,,,KAITO,vs,893,8930,26,3,mysterious,street,3,お疲れさまを言いたくて,困難を支えて,res026_no038,2024-03-22 15:00,perm,,
FALSE,,,,,小豆沢こはね,vbs,894,8940,9,2,cute,none,8,お父さん襲来！？,たくさん話すね！,res009_no035,2024-03-22 15:00,perm,,
FALSE,,,,,天馬咲希,ln,895,8950,2,4,cute,none,12,自由の庭,空へはばたく祈り,res002_no035,2024-03-30 12:00,fes,,
FALSE,,,,,天馬司,wxs,896,8960,13,4,happy,none,13,妹だから知らない顔,きみとぼくのかえりみち,res013_no034,2024-03-30 12:00,fes,,
FALSE,,,,,鳳えむ,wxs,897,8970,14,4,mysterious,none,12,夢の種をまく人,うたかたの再会,res014_no035,2024-03-30 12:00,fes,,
FALSE,,,,,東雲彰人,vbs,898,8980,11,4,cool,none,7,築き上げた信頼,恐怖の追いかけっこ,res011_no035,2024-03-30 12:00,lim,,
FALSE,,,,,望月穂波,ln,899,8990,3,4,cool,none,4,思いどおりにならなくても,もふもふ休憩タイム,res003_no035,2024-03-30 12:00,lim,,
FALSE,,,,,KAITO,vs,900,9000,26,4,cool,light_sound,15,セカイの飼育委員？,やんちゃな発見者,res026_no039,2024-03-30 12:00,lim,,
FALSE,,,,,花里みのり,mmj,901,9010,5,3,happy,none,6,飼い犬は飼い主に似る？,遊び疲れて,res005_no034,2024-03-30 15:00,perm,,
FALSE,,,,,神代類,wxs,902,9020,16,2,cute,none,8,鳴き声サンプル大募集！？,掘り出し物発見！,res016_no034,2024-03-30 15:00,perm,,
FALSE,,,,,東雲絵名,niigo,903,9030,19,4,pure,none,4,労いのチーズケーキ,絵から見えた想い,res019_no034,2024-04-10 12:00,perm,,
FALSE,,,,,朝比奈まふゆ,niigo,904,9040,18,4,pure,none,10,胸に残る“光”,穏やかな身支度,res018_no035,2024-04-10 12:00,perm,,
FALSE,,,,,鏡音レン,vs,905,9050,23,4,pure,school_refusal,11,伝染するそわそわ,楽しそうな個展,res023_no036,2024-04-10 12:00,perm,,
FALSE,,,,,宵崎奏,niigo,906,9060,17,3,cute,none,3,盛大な寝癖,慣れない早起き,res017_no035,2024-04-10 15:00,perm,,
FALSE,,,,,暁山瑞希,niigo,907,9070,20,2,cool,none,5,やっぱり似たものきょうだいだよね,キミに食べてほしい味,res020_no034,2024-04-10 15:00,perm,,
FALSE,,,,,花里みのり,mmj,908,9080,5,birthday,mysterious,none,14,胸いっぱいのふれあいツアー,Happy Birthday！！2024,res005_no035,2024-04-14 0:00,bday,,
FALSE,,,,,天馬咲希,ln,909,9090,2,4,happy,none,7,おいしく楽しく恩返し♪,ひとりになった部屋,res002_no036,2024-04-20 12:00,perm,,
FALSE,,,,,日野森志歩,ln,910,9100,4,4,happy,none,10,私は、私の役目を,差し入れを持って,res004_no036,2024-04-20 12:00,perm,,
FALSE,,,,,MEIKO,vs,911,9110,25,4,happy,light_sound,10,今日は１日給食当番！,私達の在りかた,res025_no037,2024-04-20 12:00,perm,,
FALSE,,,,,星乃一歌,ln,912,9120,1,3,cute,none,3,あの味を求めて……！,行き詰まった夜に,res001_no034,2024-04-20 15:00,perm,,
FALSE,,,,,望月穂波,ln,913,9130,3,2,cool,none,2,スパイスで元気になあれ！,みんな仲良しが一番♪,res003_no036,2024-04-20 15:00,perm,,
FALSE,,,,,東雲絵名,niigo,914,9140,19,birthday,pure,none,14,みんなよく覚えてるよね,Happy Birthday！！2024,res019_no035,2024-04-30 0:00,bday,,
FALSE,,,,,白石杏,vbs,915,9150,10,4,cool,none,10,今日はケンカ中！,決戦の時,res010_no034,2024-04-30 12:00,lim,,
FALSE,,,,,小豆沢こはね,vbs,916,9160,9,4,cool,none,4,一緒に歌っていく限り,すべて受け止めて,res009_no036,2024-04-30 12:00,lim,,
FALSE,,,,,青柳冬弥,vbs,917,9170,12,4,cool,none,10,あの日のまぶしさを、今,怖いという感情,res012_no034,2024-04-30 12:00,lim,,
FALSE,,,,,巡音ルカ,vs,918,9180,24,3,cute,street,6,どうしようもない時は,あなたの胸の中を,res024_no036,2024-04-30 15:00,perm,,
FALSE,,,,,東雲彰人,vbs,919,9190,11,2,happy,none,2,居心地のいい空気,二度と見失わないように,res011_no036,2024-04-30 15:00,perm,,
FALSE,,,,,天馬咲希,ln,920,9200,2,birthday,mysterious,none,14,青春色のサプライズ,Happy Birthday！！2024,res002_no037,2024-05-09 0:00,bday,,
FALSE,,,,,花里みのり,mmj,921,9210,5,4,cute,none,7,イメージを膨らませて,積み重ねた想いは,res005_no036,2024-05-09 12:00,unit,,
FALSE,,,,,桐谷遥,mmj,922,9220,6,4,pure,none,10,セカイでピクニック♪,受け取られた希望,res006_no035,2024-05-09 12:00,unit,,
FALSE,,,,,桃井愛莉,mmj,923,9230,7,4,happy,none,4,わたしが思う『アイドル』を,日常の１ページ,res007_no035,2024-05-09 12:00,unit,,
FALSE,,,,,日野森雫,mmj,924,9240,8,4,mysterious,none,4,ピンチをチャンスに変えて,指先が辿るもの,res008_no034,2024-05-09 12:00,unit,,
FALSE,,,,,鏡音リン,vs,925,9250,22,2,cute,idol,2,花畑の間違い探し？,謎の道、発見！？,res022_no035,2024-05-09 20:00,perm,,
FALSE,,,,,天馬司,wxs,926,9260,13,birthday,cool,none,14,心が躍る帰り道,Happy Birthday！！2024,res013_no035,2024-05-17 0:00,bday,,
,,,,,鳳えむ,wxs,927,9270,14,4,cute,none,11,生まれる時代が違えば……,天下を笑う者,res014_no036,2024-05-23 12:00,perm,,
,,,,,天馬司,wxs,928,9280,13,4,cute,none,10,時代劇トークに夢中,スター目指して全力ダッシュ！,res013_no036,2024-05-23 12:00,perm,,
,,,,,鏡音レン,vs,929,9290,23,4,cute,theme_park,7,時代劇をやってみよう！,一緒に特訓！,res023_no037,2024-05-23 12:00,perm,,
,,,,,神代類,wxs,930,9300,16,3,mysterious,none,3,貪欲な演出家,天狗の太刀さばき,res016_no035,2024-05-23 15:00,perm,,
,,,,,草薙寧々,wxs,931,9310,15,2,mysterious,none,2,体力づくりを教えて！,常盤御前の想いを知るために,res015_no034,2024-05-23 15:00,perm,,
,,,,,青柳冬弥,vbs,932,9320,12,birthday,cute,none,14,甲乙つけがたいお祝い,Happy Birthday！！2024,res012_no035,2024-05-25 0:00,bday,,
,,,,,花里みのり,mmj,933,9330,5,4,mysterious,none,7,レッツゴー！お試し散歩！,いざ、変身！,res005_no037,2024-05-31 12:00,lim,,
,,,,,草薙寧々,wxs,934,9340,15,4,mysterious,none,4,そわそわな待ち合わせ,願いのドレスへ,res015_no035,2024-05-31 12:00,lim,,
,,,,,巡音ルカ,vs,935,9350,24,4,mysterious,theme_park,18,ベストな人選は？,ふわふわドリームウェディング,res024_no037,2024-05-31 12:00,lim,,
,,,,,日野森志歩,ln,936,9360,4,3,pure,none,9,ブライダルフェスタ感想会！,笑みもこぼれるおもしろトーク？,res004_no037,2024-05-31 15:00,perm,,
,,,,,東雲絵名,niigo,937,9370,19,2,mysterious,none,5,体験！リングピロー作り,譲り受けたチケット,res019_no036,2024-05-31 15:00,perm,,
